id,username,firstname,lastname,email,password,phone,status
100,example,ricardo,diaz,uw@gmail.com,lalalala1,9876785,1
200,example1,jaime,perez,uwyei@gmail.com,lalalala,9876786,0
300,examplea,alberto,gonzalez,uw212@gmail.com,lalalala2,9876787,1
400,example2,john,smith,uwy23ei@gmail.com,lalalala,9876788,0
500,exampleb,nat,cole,u54w@gmail.com,lalalala3,9876789,1
600,example3,rod,Steward,uw5435_yei@gmail.com,lalalala,9876790,1
700,examplec,phil,Collins,riywegy37uw@gmail.com,lalalala4,9876791,1
800,example4,Kurt,Donaldson,u823623hwyei@gmail.com,lalalala,9876792,0idusernamefirstnamelastnameemailpasswordphonestatus
idusernamefirstnamelastnameemailpasswordphonestatus
idusernamefirstnamelastnameemailpasswordphonestatus
idusernamefirstnamelastnameemailpasswordphonestatus
idusernamefirstnamelastnameemailpasswordphonestatus
idusernamefirstnamelastnameemailpasswordphonestatus
idusernamefirstnamelastnameemailpasswordphonestatus
idusernamefirstnamelastnameemailpasswordphonestatus
idusernamefirstnamelastnameemailpasswordphonestatus
idusernamefirstnamelastnameemailpasswordphonestatus
idusernamefirstnamelastnameemailpasswordphonestatus
idusernamefirstnamelastnameemailpasswordphonestatus
idusernamefirstnamelastnameemailpasswordphonestatus
idusernamefirstnamelastnameemailpasswordphonestatus
idusernamefirstnamelastnameemailpasswordphonestatus
idusernamefirstnamelastnameemailpasswordphonestatus
idusernamefirstnamelastnameemailpasswordphonestatus
idusernamefirstnamelastnameemailpasswordphonestatus
idusernamefirstnamelastnameemailpasswordphonestatus
idusernamefirstnamelastnameemailpasswordphonestatus
idusernamefirstnamelastnameemailpasswordphonestatus
idusernamefirstnamelastnameemailpasswordphonestatus
idusernamefirstnamelastnameemailpasswordphonestatus
idusernamefirstnamelastnameemailpasswordphonestatus
idusernamefirstnamelastnameemailpasswordphonestatus
idusernamefirstnamelastnameemailpasswordphonestatus
idusernamefirstnamelastnameemailpasswordphonestatus
idusernamefirstnamelastnameemailpasswordphonestatus
idusernamefirstnamelastnameemailpasswordphonestatus
idusernamefirstnamelastnameemailpasswordphonestatus
idusernamefirstnamelastnameemailpasswordphonestatus
idusernamefirstnamelastnameemailpasswordphonestatus
idusernamefirstnamelastnameemailpasswordphonestatus
idusernamefirstnamelastnameemailpasswordphonestatus
idusernamefirstnamelastnameemailpasswordphonestatus
idusernamefirstnamelastnameemailpasswordphonestatus
idusernamefirstnamelastnameemailpasswordphonestatus
idusernamefirstnamelastnameemailpasswordphonestatus
idusernamefirstnamelastnameemailpasswordphonestatus
idusernamefirstnamelastnameemailpasswordphonestatus
idusernamefirstnamelastnameemailpasswordphonestatus
idusernamefirstnamelastnameemailpasswordphonestatus
idusernamefirstnamelastnameemailpasswordphonestatus
idusernamefirstnamelastnameemailpasswordphonestatus
idusernamefirstnamelastnameemailpasswordphonestatus
idusernamefirstnamelastnameemailpasswordphonestatus
idusernamefirstnamelastnameemailpasswordphonestatus
idusernamefirstnamelastnameemailpasswordphonestatus
idusernamefirstnamelastnameemailpasswordphonestatus
idusernamefirstnamelastnameemailpasswordphonestatus
idusernamefirstnamelastnameemailpasswordphonestatus
idusernamefirstnamelastnameemailpasswordphonestatus
idusernamefirstnamelastnameemailpasswordphonestatus
idusernamefirstnamelastnameemailpasswordphonestatus
idusernamefirstnamelastnameemailpasswordphonestatus
idusernamefirstnamelastnameemailpasswordphonestatus
idusernamefirstnamelastnameemailpasswordphonestatus
idusernamefirstnamelastnameemailpasswordphonestatus
idusernamefirstnamelastnameemailpasswordphonestatus
idusernamefirstnamelastnameemailpasswordphonestatus
idusernamefirstnamelastnameemailpasswordphonestatus
idusernamefirstnamelastnameemailpasswordphonestatus
idusernamefirstnamelastnameemailpasswordphonestatus
idusernamefirstnamelastnameemailpasswordphonestatus
idusernamefirstnamelastnameemailpasswordphonestatus
idusernamefirstnamelastnameemailpasswordphonestatus
idusernamefirstnamelastnameemailpasswordphonestatus
idusernamefirstnamelastnameemailpasswordphonestatus
idusernamefirstnamelastnameemailpasswordphonestatus
idusernamefirstnamelastnameemailpasswordphonestatus
idusernamefirstnamelastnameemailpasswordphonestatus
idusernamefirstnamelastnameemailpasswordphonestatus
idusernamefirstnamelastnameemailpasswordphonestatus
idusernamefirstnamelastnameemailpasswordphonestatus
idusernamefirstnamelastnameemailpasswordphonestatus
idusernamefirstnamelastnameemailpasswordphonestatus
idusernamefirstnamelastnameemailpasswordphonestatus
idusernamefirstnamelastnameemailpasswordphonestatus
idusernamefirstnamelastnameemailpasswordphonestatus
idusernamefirstnamelastnameemailpasswordphonestatus
idusernamefirstnamelastnameemailpasswordphonestatus
idusernamefirstnamelastnameemailpasswordphonestatus
idusernamefirstnamelastnameemailpasswordphonestatus
idusernamefirstnamelastnameemailpasswordphonestatus
idusernamefirstnamelastnameemailpasswordphonestatus
idusernamefirstnamelastnameemailpasswordphonestatus
idusernamefirstnamelastnameemailpasswordphonestatus
idusernamefirstnamelastnameemailpasswordphonestatus
idusernamefirstnamelastnameemailpasswordphonestatus
idusernamefirstnamelastnameemailpasswordphonestatus
idusernamefirstnamelastnameemailpasswordphonestatus
idusernamefirstnamelastnameemailpasswordphonestatus
idusernamefirstnamelastnameemailpasswordphonestatus
idusernamefirstnamelastnameemailpasswordphonestatus
idusernamefirstnamelastnameemailpasswordphonestatus
idusernamefirstnamelastnameemailpasswordphonestatus
idusernamefirstnamelastnameemailpasswordphonestatus
idusernamefirstnamelastnameemailpasswordphonestatus
idusernamefirstnamelastnameemailpasswordphonestatus
idusernamefirstnamelastnameemailpasswordphonestatus
idusernamefirstnamelastnameemailpasswordphonestatus
idusernamefirstnamelastnameemailpasswordphonestatus
idusernamefirstnamelastnameemailpasswordphonestatus
idusernamefirstnamelastnameemailpasswordphonestatus
idusernamefirstnamelastnameemailpasswordphonestatus
idusernamefirstnamelastnameemailpasswordphonestatus
idusernamefirstnamelastnameemailpasswordphonestatus
idusernamefirstnamelastnameemailpasswordphonestatus
idusernamefirstnamelastnameemailpasswordphonestatus
idusernamefirstnamelastnameemailpasswordphonestatus
idusernamefirstnamelastnameemailpasswordphonestatus
idusernamefirstnamelastnameemailpasswordphonestatus
idusernamefirstnamelastnameemailpasswordphonestatus
idusernamefirstnamelastnameemailpasswordphonestatus
idusernamefirstnamelastnameemailpasswordphonestatus
idusernamefirstnamelastnameemailpasswordphonestatus
idusernamefirstnamelastnameemailpasswordphonestatus
idusernamefirstnamelastnameemailpasswordphonestatus
idusernamefirstnamelastnameemailpasswordphonestatus
idusernamefirstnamelastnameemailpasswordphonestatus
idusernamefirstnamelastnameemailpasswordphonestatus
idusernamefirstnamelastnameemailpasswordphonestatus
idusernamefirstnamelastnameemailpasswordphonestatus
idusernamefirstnamelastnameemailpasswordphonestatus
idusernamefirstnamelastnameemailpasswordphonestatus
idusernamefirstnamelastnameemailpasswordphonestatus
idusernamefirstnamelastnameemailpasswordphonestatus
idusernamefirstnamelastnameemailpasswordphonestatus
idusernamefirstnamelastnameemailpasswordphonestatus
idusernamefirstnamelastnameemailpasswordphonestatus
idusernamefirstnamelastnameemailpasswordphonestatus
idusernamefirstnamelastnameemailpasswordphonestatus
idusernamefirstnamelastnameemailpasswordphonestatus
idusernamefirstnamelastnameemailpasswordphonestatus
idusernamefirstnamelastnameemailpasswordphonestatus
idusernamefirstnamelastnameemailpasswordphonestatus
idusernamefirstnamelastnameemailpasswordphonestatus
idusernamefirstnamelastnameemailpasswordphonestatus
idusernamefirstnamelastnameemailpasswordphonestatus
idusernamefirstnamelastnameemailpasswordphonestatus
idusernamefirstnamelastnameemailpasswordphonestatus
idusernamefirstnamelastnameemailpasswordphonestatus
idusernamefirstnamelastnameemailpasswordphonestatus
idusernamefirstnamelastnameemailpasswordphonestatus
idusernamefirstnamelastnameemailpasswordphonestatus
idusernamefirstnamelastnameemailpasswordphonestatus
idusernamefirstnamelastnameemailpasswordphonestatus
idusernamefirstnamelastnameemailpasswordphonestatus
idusernamefirstnamelastnameemailpasswordphonestatus
idusernamefirstnamelastnameemailpasswordphonestatus
idusernamefirstnamelastnameemailpasswordphonestatus
idusernamefirstnamelastnameemailpasswordphonestatus
idusernamefirstnamelastnameemailpasswordphonestatus
idusernamefirstnamelastnameemailpasswordphonestatus
idusernamefirstnamelastnameemailpasswordphonestatus
idusernamefirstnamelastnameemailpasswordphonestatus
idusernamefirstnamelastnameemailpasswordphonestatus
idusernamefirstnamelastnameemailpasswordphonestatus
idusernamefirstnamelastnameemailpasswordphonestatus
idusernamefirstnamelastnameemailpasswordphonestatus
idusernamefirstnamelastnameemailpasswordphonestatus
idusernamefirstnamelastnameemailpasswordphonestatus
idusernamefirstnamelastnameemailpasswordphonestatus
idusernamefirstnamelastnameemailpasswordphonestatus
idusernamefirstnamelastnameemailpasswordphonestatus
idusernamefirstnamelastnameemailpasswordphonestatus
idusernamefirstnamelastnameemailpasswordphonestatus
idusernamefirstnamelastnameemailpasswordphonestatus
idusernamefirstnamelastnameemailpasswordphonestatus
idusernamefirstnamelastnameemailpasswordphonestatus
idusernamefirstnamelastnameemailpasswordphonestatus
idusernamefirstnamelastnameemailpasswordphonestatus
idusernamefirstnamelastnameemailpasswordphonestatus
idusernamefirstnamelastnameemailpasswordphonestatus
idusernamefirstnamelastnameemailpasswordphonestatus
idusernamefirstnamelastnameemailpasswordphonestatus
idusernamefirstnamelastnameemailpasswordphonestatus
idusernamefirstnamelastnameemailpasswordphonestatus
idusernamefirstnamelastnameemailpasswordphonestatus
idusernamefirstnamelastnameemailpasswordphonestatus
idusernamefirstnamelastnameemailpasswordphonestatus
idusernamefirstnamelastnameemailpasswordphonestatus
idusernamefirstnamelastnameemailpasswordphonestatus
idusernamefirstnamelastnameemailpasswordphonestatus
idusernamefirstnamelastnameemailpasswordphonestatus
idusernamefirstnamelastnameemailpasswordphonestatus
idusernamefirstnamelastnameemailpasswordphonestatus
idusernamefirstnamelastnameemailpasswordphonestatus
idusernamefirstnamelastnameemailpasswordphonestatus
idusernamefirstnamelastnameemailpasswordphonestatus
idusernamefirstnamelastnameemailpasswordphonestatus
idusernamefirstnamelastnameemailpasswordphonestatus
idusernamefirstnamelastnameemailpasswordphonestatus
idusernamefirstnamelastnameemailpasswordphonestatus
idusernamefirstnamelastnameemailpasswordphonestatus
idusernamefirstnamelastnameemailpasswordphonestatus
idusernamefirstnamelastnameemailpasswordphonestatus
idusernamefirstnamelastnameemailpasswordphonestatus
idusernamefirstnamelastnameemailpasswordphonestatus
idusernamefirstnamelastnameemailpasswordphonestatus
idusernamefirstnamelastnameemailpasswordphonestatus
idusernamefirstnamelastnameemailpasswordphonestatus
idusernamefirstnamelastnameemailpasswordphonestatus
idusernamefirstnamelastnameemailpasswordphonestatus
idusernamefirstnamelastnameemailpasswordphonestatus
idusernamefirstnamelastnameemailpasswordphonestatus
idusernamefirstnamelastnameemailpasswordphonestatus
idusernamefirstnamelastnameemailpasswordphonestatus
idusernamefirstnamelastnameemailpasswordphonestatus
idusernamefirstnamelastnameemailpasswordphonestatus
idusernamefirstnamelastnameemailpasswordphonestatus
idusernamefirstnamelastnameemailpasswordphonestatus
idusernamefirstnamelastnameemailpasswordphonestatus
idusernamefirstnamelastnameemailpasswordphonestatus
idusernamefirstnamelastnameemailpasswordphonestatus
idusernamefirstnamelastnameemailpasswordphonestatus
idusernamefirstnamelastnameemailpasswordphonestatus
idusernamefirstnamelastnameemailpasswordphonestatus
idusernamefirstnamelastnameemailpasswordphonestatus
idusernamefirstnamelastnameemailpasswordphonestatus
idusernamefirstnamelastnameemailpasswordphonestatus
idusernamefirstnamelastnameemailpasswordphonestatus
idusernamefirstnamelastnameemailpasswordphonestatus
idusernamefirstnamelastnameemailpasswordphonestatus
idusernamefirstnamelastnameemailpasswordphonestatus
idusernamefirstnamelastnameemailpasswordphonestatus
idusernamefirstnamelastnameemailpasswordphonestatus
idusernamefirstnamelastnameemailpasswordphonestatus
idusernamefirstnamelastnameemailpasswordphonestatus
idusernamefirstnamelastnameemailpasswordphonestatus
idusernamefirstnamelastnameemailpasswordphonestatus
idusernamefirstnamelastnameemailpasswordphonestatus
idusernamefirstnamelastnameemailpasswordphonestatus
idusernamefirstnamelastnameemailpasswordphonestatus
idusernamefirstnamelastnameemailpasswordphonestatus
idusernamefirstnamelastnameemailpasswordphonestatus
idusernamefirstnamelastnameemailpasswordphonestatus
idusernamefirstnamelastnameemailpasswordphonestatus
idusernamefirstnamelastnameemailpasswordphonestatus
idusernamefirstnamelastnameemailpasswordphonestatus
idusernamefirstnamelastnameemailpasswordphonestatus
idusernamefirstnamelastnameemailpasswordphonestatus
idusernamefirstnamelastnameemailpasswordphonestatus
idusernamefirstnamelastnameemailpasswordphonestatus
idusernamefirstnamelastnameemailpasswordphonestatus
idusernamefirstnamelastnameemailpasswordphonestatus
idusernamefirstnamelastnameemailpasswordphonestatus
idusernamefirstnamelastnameemailpasswordphonestatus
idusernamefirstnamelastnameemailpasswordphonestatus
idusernamefirstnamelastnameemailpasswordphonestatus
idusernamefirstnamelastnameemailpasswordphonestatus
idusernamefirstnamelastnameemailpasswordphonestatus
idusernamefirstnamelastnameemailpasswordphonestatus
idusernamefirstnamelastnameemailpasswordphonestatus
idusernamefirstnamelastnameemailpasswordphonestatus
idusernamefirstnamelastnameemailpasswordphonestatus
idusernamefirstnamelastnameemailpasswordphonestatus
idusernamefirstnamelastnameemailpasswordphonestatus
idusernamefirstnamelastnameemailpasswordphonestatus
idusernamefirstnamelastnameemailpasswordphonestatus
idusernamefirstnamelastnameemailpasswordphonestatus
idusernamefirstnamelastnameemailpasswordphonestatus
idusernamefirstnamelastnameemailpasswordphonestatus
idusernamefirstnamelastnameemailpasswordphonestatus
idusernamefirstnamelastnameemailpasswordphonestatus
idusernamefirstnamelastnameemailpasswordphonestatus
idusernamefirstnamelastnameemailpasswordphonestatus
idusernamefirstnamelastnameemailpasswordphonestatus
idusernamefirstnamelastnameemailpasswordphonestatus
idusernamefirstnamelastnameemailpasswordphonestatus
idusernamefirstnamelastnameemailpasswordphonestatus
idusernamefirstnamelastnameemailpasswordphonestatus
idusernamefirstnamelastnameemailpasswordphonestatus
idusernamefirstnamelastnameemailpasswordphonestatus
idusernamefirstnamelastnameemailpasswordphonestatus
idusernamefirstnamelastnameemailpasswordphonestatus
idusernamefirstnamelastnameemailpasswordphonestatus
idusernamefirstnamelastnameemailpasswordphonestatus
idusernamefirstnamelastnameemailpasswordphonestatus
idusernamefirstnamelastnameemailpasswordphonestatus
idusernamefirstnamelastnameemailpasswordphonestatus
idusernamefirstnamelastnameemailpasswordphonestatus
idusernamefirstnamelastnameemailpasswordphonestatus
idusernamefirstnamelastnameemailpasswordphonestatus
idusernamefirstnamelastnameemailpasswordphonestatus
idusernamefirstnamelastnameemailpasswordphonestatus
idusernamefirstnamelastnameemailpasswordphonestatus
idusernamefirstnamelastnameemailpasswordphonestatus
idusernamefirstnamelastnameemailpasswordphonestatus
idusernamefirstnamelastnameemailpasswordphonestatus
idusernamefirstnamelastnameemailpasswordphonestatus
idusernamefirstnamelastnameemailpasswordphonestatus
idusernamefirstnamelastnameemailpasswordphonestatus
idusernamefirstnamelastnameemailpasswordphonestatus
idusernamefirstnamelastnameemailpasswordphonestatus
idusernamefirstnamelastnameemailpasswordphonestatus
idusernamefirstnamelastnameemailpasswordphonestatus
idusernamefirstnamelastnameemailpasswordphonestatus
idusernamefirstnamelastnameemailpasswordphonestatus
idusernamefirstnamelastnameemailpasswordphonestatus
idusernamefirstnamelastnameemailpasswordphonestatus
idusernamefirstnamelastnameemailpasswordphonestatus
idusernamefirstnamelastnameemailpasswordphonestatus
idusernamefirstnamelastnameemailpasswordphonestatus
idusernamefirstnamelastnameemailpasswordphonestatus
idusernamefirstnamelastnameemailpasswordphonestatus
idusernamefirstnamelastnameemailpasswordphonestatus
idusernamefirstnamelastnameemailpasswordphonestatus
idusernamefirstnamelastnameemailpasswordphonestatus
idusernamefirstnamelastnameemailpasswordphonestatus
idusernamefirstnamelastnameemailpasswordphonestatus
idusernamefirstnamelastnameemailpasswordphonestatus
idusernamefirstnamelastnameemailpasswordphonestatus
idusernamefirstnamelastnameemailpasswordphonestatus
idusernamefirstnamelastnameemailpasswordphonestatus
idusernamefirstnamelastnameemailpasswordphonestatus
idusernamefirstnamelastnameemailpasswordphonestatus
idusernamefirstnamelastnameemailpasswordphonestatus
idusernamefirstnamelastnameemailpasswordphonestatus
idusernamefirstnamelastnameemailpasswordphonestatus
idusernamefirstnamelastnameemailpasswordphonestatus
idusernamefirstnamelastnameemailpasswordphonestatus
idusernamefirstnamelastnameemailpasswordphonestatus
idusernamefirstnamelastnameemailpasswordphonestatus
idusernamefirstnamelastnameemailpasswordphonestatus
idusernamefirstnamelastnameemailpasswordphonestatus
idusernamefirstnamelastnameemailpasswordphonestatus
idusernamefirstnamelastnameemailpasswordphonestatus
idusernamefirstnamelastnameemailpasswordphonestatus
idusernamefirstnamelastnameemailpasswordphonestatus
idusernamefirstnamelastnameemailpasswordphonestatus
idusernamefirstnamelastnameemailpasswordphonestatus
idusernamefirstnamelastnameemailpasswordphonestatus
idusernamefirstnamelastnameemailpasswordphonestatus
idusernamefirstnamelastnameemailpasswordphonestatus
idusernamefirstnamelastnameemailpasswordphonestatus
idusernamefirstnamelastnameemailpasswordphonestatus
idusernamefirstnamelastnameemailpasswordphonestatus
idusernamefirstnamelastnameemailpasswordphonestatus
idusernamefirstnamelastnameemailpasswordphonestatus
idusernamefirstnamelastnameemailpasswordphonestatus
idusernamefirstnamelastnameemailpasswordphonestatus
idusernamefirstnamelastnameemailpasswordphonestatus
idusernamefirstnamelastnameemailpasswordphonestatus
idusernamefirstnamelastnameemailpasswordphonestatus
idusernamefirstnamelastnameemailpasswordphonestatus
idusernamefirstnamelastnameemailpasswordphonestatus
idusernamefirstnamelastnameemailpasswordphonestatus
idusernamefirstnamelastnameemailpasswordphonestatus
idusernamefirstnamelastnameemailpasswordphonestatus
idusernamefirstnamelastnameemailpasswordphonestatus
idusernamefirstnamelastnameemailpasswordphonestatus
idusernamefirstnamelastnameemailpasswordphonestatus
idusernamefirstnamelastnameemailpasswordphonestatus
idusernamefirstnamelastnameemailpasswordphonestatus
idusernamefirstnamelastnameemailpasswordphonestatus
idusernamefirstnamelastnameemailpasswordphonestatus
idusernamefirstnamelastnameemailpasswordphonestatus
idusernamefirstnamelastnameemailpasswordphonestatus
idusernamefirstnamelastnameemailpasswordphonestatus
idusernamefirstnamelastnameemailpasswordphonestatus
idusernamefirstnamelastnameemailpasswordphonestatus
idusernamefirstnamelastnameemailpasswordphonestatus
idusernamefirstnamelastnameemailpasswordphonestatus
idusernamefirstnamelastnameemailpasswordphonestatus
idusernamefirstnamelastnameemailpasswordphonestatus
idusernamefirstnamelastnameemailpasswordphonestatus
idusernamefirstnamelastnameemailpasswordphonestatus
idusernamefirstnamelastnameemailpasswordphonestatus
idusernamefirstnamelastnameemailpasswordphonestatus
idusernamefirstnamelastnameemailpasswordphonestatus
idusernamefirstnamelastnameemailpasswordphonestatus
idusernamefirstnamelastnameemailpasswordphonestatus
idusernamefirstnamelastnameemailpasswordphonestatus
idusernamefirstnamelastnameemailpasswordphonestatus
idusernamefirstnamelastnameemailpasswordphonestatus
idusernamefirstnamelastnameemailpasswordphonestatus
idusernamefirstnamelastnameemailpasswordphonestatus
idusernamefirstnamelastnameemailpasswordphonestatus
idusernamefirstnamelastnameemailpasswordphonestatus
idusernamefirstnamelastnameemailpasswordphonestatus
idusernamefirstnamelastnameemailpasswordphonestatus
idusernamefirstnamelastnameemailpasswordphonestatus
idusernamefirstnamelastnameemailpasswordphonestatus
idusernamefirstnamelastnameemailpasswordphonestatus
idusernamefirstnamelastnameemailpasswordphonestatus
idusernamefirstnamelastnameemailpasswordphonestatus
idusernamefirstnamelastnameemailpasswordphonestatus
idusernamefirstnamelastnameemailpasswordphonestatus
idusernamefirstnamelastnameemailpasswordphonestatus
idusernamefirstnamelastnameemailpasswordphonestatus
idusernamefirstnamelastnameemailpasswordphonestatus
idusernamefirstnamelastnameemailpasswordphonestatus
idusernamefirstnamelastnameemailpasswordphonestatus
idusernamefirstnamelastnameemailpasswordphonestatus
idusernamefirstnamelastnameemailpasswordphonestatus
idusernamefirstnamelastnameemailpasswordphonestatus
idusernamefirstnamelastnameemailpasswordphonestatus
idusernamefirstnamelastnameemailpasswordphonestatus
idusernamefirstnamelastnameemailpasswordphonestatus
idusernamefirstnamelastnameemailpasswordphonestatus
100usernamefirstnamelastnameemailpasswordphonestatus
200usernamefirstnamelastnameemailpasswordphonestatus
idusernamefirstnamelastnameemailpasswordphonestatus
idusernamefirstnamelastnameemailpasswordphonestatus
300usernamefirstnamelastnameemailpasswordphonestatus
400usernamefirstnamelastnameemailpasswordphonestatus
idusernamefirstnamelastnameemailpasswordphonestatus
500usernamefirstnamelastnameemailpasswordphonestatus
600usernamefirstnamelastnameemailpasswordphonestatus
700usernamefirstnamelastnameemailpasswordphonestatus
800usernamefirstnamelastnameemailpasswordphonestatus
idusernamefirstnamelastnameemailpasswordphonestatus
idusernamefirstnamelastnameemailpasswordphonestatus
idusernamefirstnamelastnameemailpasswordphonestatus
idusernamefirstnamelastnameemailpasswordphonestatus
idusernamefirstnamelastnameemailpasswordphonestatus
idusernamefirstnamelastnameemailpasswordphonestatus
idusernamefirstnamelastnameemailpasswordphonestatus
idusernamefirstnamelastnameemailpasswordphonestatus
700{petid}12023-07-12T00:08:14.284Zplacedtrue 
400{petid}22023-06-12T00:08:14.284Zplacedtrue 
800{petid}12023-08-13T00:08:14.284Zplacedtrue 
500{petid}32023-08-12T00:08:14.284Zplacedtrue 
300{petid}12023-08-12T00:08:14.284Zplacedtrue 
200{petid}22023-08-17T00:08:14.284Zplacedtrue 
100{petid}12023-05-12T00:08:14.284Zplacedtrue 
600{petid}12023-08-22T00:08:14.284Zplacedtrue 
100{petid}12023-05-12T00:08:14.284Zplacedtrue 
200{petid}22023-08-17T00:08:14.284Zplacedtrue 
300{petid}12023-08-12T00:08:14.284Zplacedtrue 
400{petid}22023-06-12T00:08:14.284Zplacedtrue 
500{petid}32023-08-12T00:08:14.284Zplacedtrue 
600{petid}12023-08-22T00:08:14.284Zplacedtrue 
700{petid}12023-07-12T00:08:14.284Zplacedtrue 
800{petid}12023-08-13T00:08:14.284Zplacedtrue 
100{petid}12023-05-12T00:08:14.284Zplacedtrue 
200{petid}22023-08-17T00:08:14.284Zplacedtrue 
300{petid}12023-08-12T00:08:14.284Zplacedtrue 
400{petid}22023-06-12T00:08:14.284Zplacedtrue 
500{petid}32023-08-12T00:08:14.284Zplacedtrue 
600{petid}12023-08-22T00:08:14.284Zplacedtrue 
700{petid}12023-07-12T00:08:14.284Zplacedtrue 
800{petid}12023-08-13T00:08:14.284Zplacedtrue 
100{petid}12023-05-12T00:08:14.284Zplacedtrue 
200{petid}22023-08-17T00:08:14.284Zplacedtrue 
300{petid}12023-08-12T00:08:14.284Zplacedtrue 
500{petid}32023-08-12T00:08:14.284Zplacedtrue 
600{petid}12023-08-22T00:08:14.284Zplacedtrue 
400{petid}22023-06-12T00:08:14.284Zplacedtrue 
700{petid}12023-07-12T00:08:14.284Zplacedtrue 
800{petid}12023-08-13T00:08:14.284Zplacedtrue 
100{petid}12023-05-12T00:08:14.284Zplacedtrue 
300{petid}12023-08-12T00:08:14.284Zplacedtrue 
400{petid}22023-06-12T00:08:14.284Zplacedtrue 
600{petid}12023-08-22T00:08:14.284Zplacedtrue 
500{petid}32023-08-12T00:08:14.284Zplacedtrue 
200{petid}22023-08-17T00:08:14.284Zplacedtrue 
700{petid}12023-07-12T00:08:14.284Zplacedtrue 
800{petid}12023-08-13T00:08:14.284Zplacedtrue 
100{petid}12023-05-12T00:08:14.284Zplacedtrue 
200{petid}22023-08-17T00:08:14.284Zplacedtrue 
300{petid}12023-08-12T00:08:14.284Zplacedtrue 
400{petid}22023-06-12T00:08:14.284Zplacedtrue 
500{petid}32023-08-12T00:08:14.284Zplacedtrue 
700{petid}12023-07-12T00:08:14.284Zplacedtrue 
800{petid}12023-08-13T00:08:14.284Zplacedtrue 
100{petid}12023-05-12T00:08:14.284Zplacedtrue 
200{petid}22023-08-17T00:08:14.284Zplacedtrue 
300{petid}12023-08-12T00:08:14.284Zplacedtrue 
600{petid}12023-08-22T00:08:14.284Zplacedtrue 
400{petid}22023-06-12T00:08:14.284Zplacedtrue 
500{petid}32023-08-12T00:08:14.284Zplacedtrue 
600{petid}12023-08-22T00:08:14.284Zplacedtrue 
700{petid}12023-07-12T00:08:14.284Zplacedtrue 
800{petid}12023-08-13T00:08:14.284Zplacedtrue 
100{petid}12023-05-12T00:08:14.284Zplacedtrue 
200{petid}22023-08-17T00:08:14.284Zplacedtrue 
300{petid}12023-08-12T00:08:14.284Zplacedtrue 
400{petid}22023-06-12T00:08:14.284Zplacedtrue 
500{petid}32023-08-12T00:08:14.284Zplacedtrue 
700{petid}12023-07-12T00:08:14.284Zplacedtrue 
800{petid}12023-08-13T00:08:14.284Zplacedtrue 
100{petid}12023-05-12T00:08:14.284Zplacedtrue 
200{petid}22023-08-17T00:08:14.284Zplacedtrue 
300{petid}12023-08-12T00:08:14.284Zplacedtrue 
400{petid}22023-06-12T00:08:14.284Zplacedtrue 
600{petid}12023-08-22T00:08:14.284Zplacedtrue 
500{petid}32023-08-12T00:08:14.284Zplacedtrue 
600{petid}12023-08-22T00:08:14.284Zplacedtrue 
700{petid}12023-07-12T00:08:14.284Zplacedtrue 
800{petid}12023-08-13T00:08:14.284Zplacedtrue 
100{petid}12023-05-12T00:08:14.284Zplacedtrue 
200{petid}22023-08-17T00:08:14.284Zplacedtrue 
300{petid}12023-08-12T00:08:14.284Zplacedtrue 
400{petid}22023-06-12T00:08:14.284Zplacedtrue 
500{petid}32023-08-12T00:08:14.284Zplacedtrue 
600{petid}12023-08-22T00:08:14.284Zplacedtrue 
700{petid}12023-07-12T00:08:14.284Zplacedtrue 
800{petid}12023-08-13T00:08:14.284Zplacedtrue 
200{petid}22023-08-17T00:08:14.284Zplacedtrue 
300{petid}12023-08-12T00:08:14.284Zplacedtrue 
400{petid}22023-06-12T00:08:14.284Zplacedtrue 
500{petid}32023-08-12T00:08:14.284Zplacedtrue 
600{petid}12023-08-22T00:08:14.284Zplacedtrue 
700{petid}12023-07-12T00:08:14.284Zplacedtrue 
800{petid}12023-08-13T00:08:14.284Zplacedtrue 
100{petid}12023-05-12T00:08:14.284Zplacedtrue 
200{petid}22023-08-17T00:08:14.284Zplacedtrue 
100{petid}12023-05-12T00:08:14.284Zplacedtrue 
300{petid}12023-08-12T00:08:14.284Zplacedtrue 
400{petid}22023-06-12T00:08:14.284Zplacedtrue 
500{petid}32023-08-12T00:08:14.284Zplacedtrue 
700{petid}12023-07-12T00:08:14.284Zplacedtrue 
600{petid}12023-08-22T00:08:14.284Zplacedtrue 
800{petid}12023-08-13T00:08:14.284Zplacedtrue 
100{petid}12023-05-12T00:08:14.284Zplacedtrue 
200{petid}22023-08-17T00:08:14.284Zplacedtrue 
300{petid}12023-08-12T00:08:14.284Zplacedtrue 
500{petid}32023-08-12T00:08:14.284Zplacedtrue 
400{petid}22023-06-12T00:08:14.284Zplacedtrue 
600{petid}12023-08-22T00:08:14.284Zplacedtrue 
700{petid}12023-07-12T00:08:14.284Zplacedtrue 
200{petid}22023-08-17T00:08:14.284Zplacedtrue 
100{petid}12023-05-12T00:08:14.284Zplacedtrue 
300{petid}12023-08-12T00:08:14.284Zplacedtrue 
400{petid}22023-06-12T00:08:14.284Zplacedtrue 
500{petid}32023-08-12T00:08:14.284Zplacedtrue 
600{petid}12023-08-22T00:08:14.284Zplacedtrue 
800{petid}12023-08-13T00:08:14.284Zplacedtrue 
700{petid}12023-07-12T00:08:14.284Zplacedtrue 
100{petid}12023-05-12T00:08:14.284Zplacedtrue 
200{petid}22023-08-17T00:08:14.284Zplacedtrue 
800{petid}12023-08-13T00:08:14.284Zplacedtrue 
300{petid}12023-08-12T00:08:14.284Zplacedtrue 
500{petid}32023-08-12T00:08:14.284Zplacedtrue 
400{petid}22023-06-12T00:08:14.284Zplacedtrue 
600{petid}12023-08-22T00:08:14.284Zplacedtrue 
700{petid}12023-07-12T00:08:14.284Zplacedtrue 
800{petid}12023-08-13T00:08:14.284Zplacedtrue 
100{petid}12023-05-12T00:08:14.284Zplacedtrue 
200{petid}22023-08-17T00:08:14.284Zplacedtrue 
300{petid}12023-08-12T00:08:14.284Zplacedtrue 
500{petid}32023-08-12T00:08:14.284Zplacedtrue 
400{petid}22023-06-12T00:08:14.284Zplacedtrue 
600{petid}12023-08-22T00:08:14.284Zplacedtrue 
700{petid}12023-07-12T00:08:14.284Zplacedtrue 
800{petid}12023-08-13T00:08:14.284Zplacedtrue 
100{petid}12023-05-12T00:08:14.284Zplacedtrue 
200{petid}22023-08-17T00:08:14.284Zplacedtrue 
300{petid}12023-08-12T00:08:14.284Zplacedtrue 
500{petid}32023-08-12T00:08:14.284Zplacedtrue 
600{petid}12023-08-22T00:08:14.284Zplacedtrue 
700{petid}12023-07-12T00:08:14.284Zplacedtrue 
800{petid}12023-08-13T00:08:14.284Zplacedtrue 
100{petid}12023-05-12T00:08:14.284Zplacedtrue 
200{petid}22023-08-17T00:08:14.284Zplacedtrue 
300{petid}12023-08-12T00:08:14.284Zplacedtrue 
500{petid}32023-08-12T00:08:14.284Zplacedtrue 
400{petid}22023-06-12T00:08:14.284Zplacedtrue 
600{petid}12023-08-22T00:08:14.284Zplacedtrue 
700{petid}12023-07-12T00:08:14.284Zplacedtrue 
800{petid}12023-08-13T00:08:14.284Zplacedtrue 
400{petid}22023-06-12T00:08:14.284Zplacedtrue 
100{petid}12023-05-12T00:08:14.284Zplacedtrue 
200{petid}22023-08-17T00:08:14.284Zplacedtrue 
300{petid}12023-08-12T00:08:14.284Zplacedtrue 
400{petid}22023-06-12T00:08:14.284Zplacedtrue 
500{petid}32023-08-12T00:08:14.284Zplacedtrue 
600{petid}12023-08-22T00:08:14.284Zplacedtrue 
700{petid}12023-07-12T00:08:14.284Zplacedtrue 
800{petid}12023-08-13T00:08:14.284Zplacedtrue 
100{petid}12023-05-12T00:08:14.284Zplacedtrue 
200{petid}22023-08-17T00:08:14.284Zplacedtrue 
400{petid}22023-06-12T00:08:14.284Zplacedtrue 
300{petid}12023-08-12T00:08:14.284Zplacedtrue 
500{petid}32023-08-12T00:08:14.284Zplacedtrue 
600{petid}12023-08-22T00:08:14.284Zplacedtrue 
700{petid}12023-07-12T00:08:14.284Zplacedtrue 
800{petid}12023-08-13T00:08:14.284Zplacedtrue 
100{petid}12023-05-12T00:08:14.284Zplacedtrue 
300{petid}12023-08-12T00:08:14.284Zplacedtrue 
200{petid}22023-08-17T00:08:14.284Zplacedtrue 
400{petid}22023-06-12T00:08:14.284Zplacedtrue 
500{petid}32023-08-12T00:08:14.284Zplacedtrue 
600{petid}12023-08-22T00:08:14.284Zplacedtrue 
700{petid}12023-07-12T00:08:14.284Zplacedtrue 
800{petid}12023-08-13T00:08:14.284Zplacedtrue 
200{petid}22023-08-17T00:08:14.284Zplacedtrue 
100{petid}12023-05-12T00:08:14.284Zplacedtrue 
300{petid}12023-08-12T00:08:14.284Zplacedtrue 
400{petid}22023-06-12T00:08:14.284Zplacedtrue 
500{petid}32023-08-12T00:08:14.284Zplacedtrue 
600{petid}12023-08-22T00:08:14.284Zplacedtrue 
700{petid}12023-07-12T00:08:14.284Zplacedtrue 
800{petid}12023-08-13T00:08:14.284Zplacedtrue 
100{petid}12023-05-12T00:08:14.284Zplacedtrue 
200{petid}22023-08-17T00:08:14.284Zplacedtrue 
300{petid}12023-08-12T00:08:14.284Zplacedtrue 
500{petid}32023-08-12T00:08:14.284Zplacedtrue 
400{petid}22023-06-12T00:08:14.284Zplacedtrue 
600{petid}12023-08-22T00:08:14.284Zplacedtrue 
700{petid}12023-07-12T00:08:14.284Zplacedtrue 
800{petid}12023-08-13T00:08:14.284Zplacedtrue 
100{petid}12023-05-12T00:08:14.284Zplacedtrue 
200{petid}22023-08-17T00:08:14.284Zplacedtrue 
300{petid}12023-08-12T00:08:14.284Zplacedtrue 
400{petid}22023-06-12T00:08:14.284Zplacedtrue 
500{petid}32023-08-12T00:08:14.284Zplacedtrue 
600{petid}12023-08-22T00:08:14.284Zplacedtrue 
800{petid}12023-08-13T00:08:14.284Zplacedtrue 
700{petid}12023-07-12T00:08:14.284Zplacedtrue 
200{petid}22023-08-17T00:08:14.284Zplacedtrue 
100{petid}12023-05-12T00:08:14.284Zplacedtrue 
400{petid}22023-06-12T00:08:14.284Zplacedtrue 
300{petid}12023-08-12T00:08:14.284Zplacedtrue 
800{petid}12023-08-13T00:08:14.284Zplacedtrue 
500{petid}32023-08-12T00:08:14.284Zplacedtrue 
700{petid}12023-07-12T00:08:14.284Zplacedtrue 
600{petid}12023-08-22T00:08:14.284Zplacedtrue 
200{petid}22023-08-17T00:08:14.284Zplacedtrue 
100{petid}12023-05-12T00:08:14.284Zplacedtrue 
300{petid}12023-08-12T00:08:14.284Zplacedtrue 
400{petid}22023-06-12T00:08:14.284Zplacedtrue 
600{petid}12023-08-22T00:08:14.284Zplacedtrue 
500{petid}32023-08-12T00:08:14.284Zplacedtrue 
700{petid}12023-07-12T00:08:14.284Zplacedtrue 
800{petid}12023-08-13T00:08:14.284Zplacedtrue 
100{petid}12023-05-12T00:08:14.284Zplacedtrue 
200{petid}22023-08-17T00:08:14.284Zplacedtrue 
300{petid}12023-08-12T00:08:14.284Zplacedtrue 
400{petid}22023-06-12T00:08:14.284Zplacedtrue 
500{petid}32023-08-12T00:08:14.284Zplacedtrue 
600{petid}12023-08-22T00:08:14.284Zplacedtrue 
700{petid}12023-07-12T00:08:14.284Zplacedtrue 
800{petid}12023-08-13T00:08:14.284Zplacedtrue 
100{petid}12023-05-12T00:08:14.284Zplacedtrue 
200{petid}22023-08-17T00:08:14.284Zplacedtrue 
300{petid}12023-08-12T00:08:14.284Zplacedtrue 
400{petid}22023-06-12T00:08:14.284Zplacedtrue 
500{petid}32023-08-12T00:08:14.284Zplacedtrue 
600{petid}12023-08-22T00:08:14.284Zplacedtrue 
700{petid}12023-07-12T00:08:14.284Zplacedtrue 
800{petid}12023-08-13T00:08:14.284Zplacedtrue 
100{petid}12023-05-12T00:08:14.284Zplacedtrue 
300{petid}12023-08-12T00:08:14.284Zplacedtrue 
200{petid}22023-08-17T00:08:14.284Zplacedtrue 
400{petid}22023-06-12T00:08:14.284Zplacedtrue 
500{petid}32023-08-12T00:08:14.284Zplacedtrue 
600{petid}12023-08-22T00:08:14.284Zplacedtrue 
700{petid}12023-07-12T00:08:14.284Zplacedtrue 
800{petid}12023-08-13T00:08:14.284Zplacedtrue 
200{petid}22023-08-17T00:08:14.284Zplacedtrue 
100{petid}12023-05-12T00:08:14.284Zplacedtrue 
300{petid}12023-08-12T00:08:14.284Zplacedtrue 
500{petid}32023-08-12T00:08:14.284Zplacedtrue 
400{petid}22023-06-12T00:08:14.284Zplacedtrue 
700{petid}12023-07-12T00:08:14.284Zplacedtrue 
600{petid}12023-08-22T00:08:14.284Zplacedtrue 
100{petid}12023-05-12T00:08:14.284Zplacedtrue 
800{petid}12023-08-13T00:08:14.284Zplacedtrue 
200{petid}22023-08-17T00:08:14.284Zplacedtrue 
300{petid}12023-08-12T00:08:14.284Zplacedtrue 
400{petid}22023-06-12T00:08:14.284Zplacedtrue 
500{petid}32023-08-12T00:08:14.284Zplacedtrue 
600{petid}12023-08-22T00:08:14.284Zplacedtrue 
800{petid}12023-08-13T00:08:14.284Zplacedtrue 
700{petid}12023-07-12T00:08:14.284Zplacedtrue 
100{petid}12023-05-12T00:08:14.284Zplacedtrue 
300{petid}12023-08-12T00:08:14.284Zplacedtrue 
200{petid}22023-08-17T00:08:14.284Zplacedtrue 
500{petid}32023-08-12T00:08:14.284Zplacedtrue 
400{petid}22023-06-12T00:08:14.284Zplacedtrue 
700{petid}12023-07-12T00:08:14.284Zplacedtrue 
800{petid}12023-08-13T00:08:14.284Zplacedtrue 
600{petid}12023-08-22T00:08:14.284Zplacedtrue 
200{petid}22023-08-17T00:08:14.284Zplacedtrue 
100{petid}12023-05-12T00:08:14.284Zplacedtrue 
400{petid}22023-06-12T00:08:14.284Zplacedtrue 
300{petid}12023-08-12T00:08:14.284Zplacedtrue 
500{petid}32023-08-12T00:08:14.284Zplacedtrue 
600{petid}12023-08-22T00:08:14.284Zplacedtrue 
700{petid}12023-07-12T00:08:14.284Zplacedtrue 
800{petid}12023-08-13T00:08:14.284Zplacedtrue 
100{petid}12023-05-12T00:08:14.284Zplacedtrue 
500{petid}32023-08-12T00:08:14.284Zplacedtrue 
600{petid}12023-08-22T00:08:14.284Zplacedtrue 
400{petid}22023-06-12T00:08:14.284Zplacedtrue 
800{petid}12023-08-13T00:08:14.284Zplacedtrue 
700{petid}12023-07-12T00:08:14.284Zplacedtrue 
300{petid}12023-08-12T00:08:14.284Zplacedtrue 
200{petid}22023-08-17T00:08:14.284Zplacedtrue 
300{petid}12023-08-12T00:08:14.284Zplacedtrue 
200{petid}22023-08-17T00:08:14.284Zplacedtrue 
100{petid}12023-05-12T00:08:14.284Zplacedtrue 
400{petid}22023-06-12T00:08:14.284Zplacedtrue 
500{petid}32023-08-12T00:08:14.284Zplacedtrue 
600{petid}12023-08-22T00:08:14.284Zplacedtrue 
200{petid}22023-08-17T00:08:14.284Zplacedtrue 
800{petid}12023-08-13T00:08:14.284Zplacedtrue 
700{petid}12023-07-12T00:08:14.284Zplacedtrue 
100{petid}12023-05-12T00:08:14.284Zplacedtrue 
400{petid}22023-06-12T00:08:14.284Zplacedtrue 
300{petid}12023-08-12T00:08:14.284Zplacedtrue 
500{petid}32023-08-12T00:08:14.284Zplacedtrue 
600{petid}12023-08-22T00:08:14.284Zplacedtrue 
700{petid}12023-07-12T00:08:14.284Zplacedtrue 
800{petid}12023-08-13T00:08:14.284Zplacedtrue 
100{petid}12023-05-12T00:08:14.284Zplacedtrue 
300{petid}12023-08-12T00:08:14.284Zplacedtrue 
200{petid}22023-08-17T00:08:14.284Zplacedtrue 
400{petid}22023-06-12T00:08:14.284Zplacedtrue 
500{petid}32023-08-12T00:08:14.284Zplacedtrue 
600{petid}12023-08-22T00:08:14.284Zplacedtrue 
700{petid}12023-07-12T00:08:14.284Zplacedtrue 
800{petid}12023-08-13T00:08:14.284Zplacedtrue 
100{petid}12023-05-12T00:08:14.284Zplacedtrue 
200{petid}22023-08-17T00:08:14.284Zplacedtrue 
300{petid}12023-08-12T00:08:14.284Zplacedtrue 
500{petid}32023-08-12T00:08:14.284Zplacedtrue 
400{petid}22023-06-12T00:08:14.284Zplacedtrue 
600{petid}12023-08-22T00:08:14.284Zplacedtrue 
700{petid}12023-07-12T00:08:14.284Zplacedtrue 
800{petid}12023-08-13T00:08:14.284Zplacedtrue 
100{petid}12023-05-12T00:08:14.284Zplacedtrue 
200{petid}22023-08-17T00:08:14.284Zplacedtrue 
300{petid}12023-08-12T00:08:14.284Zplacedtrue 
400{petid}22023-06-12T00:08:14.284Zplacedtrue 
500{petid}32023-08-12T00:08:14.284Zplacedtrue 
600{petid}12023-08-22T00:08:14.284Zplacedtrue 
700{petid}12023-07-12T00:08:14.284Zplacedtrue 
800{petid}12023-08-13T00:08:14.284Zplacedtrue 
100{petid}12023-05-12T00:08:14.284Zplacedtrue 
400{petid}22023-06-12T00:08:14.284Zplacedtrue 
300{petid}12023-08-12T00:08:14.284Zplacedtrue 
200{petid}22023-08-17T00:08:14.284Zplacedtrue 
600{petid}12023-08-22T00:08:14.284Zplacedtrue 
500{petid}32023-08-12T00:08:14.284Zplacedtrue 
700{petid}12023-07-12T00:08:14.284Zplacedtrue 
800{petid}12023-08-13T00:08:14.284Zplacedtrue 
300{petid}12023-08-12T00:08:14.284Zplacedtrue 
100{petid}12023-05-12T00:08:14.284Zplacedtrue 
200{petid}22023-08-17T00:08:14.284Zplacedtrue 
500{petid}32023-08-12T00:08:14.284Zplacedtrue 
400{petid}22023-06-12T00:08:14.284Zplacedtrue 
700{petid}12023-07-12T00:08:14.284Zplacedtrue 
600{petid}12023-08-22T00:08:14.284Zplacedtrue 
800{petid}12023-08-13T00:08:14.284Zplacedtrue 
100{petid}12023-05-12T00:08:14.284Zplacedtrue 
200{petid}22023-08-17T00:08:14.284Zplacedtrue 
300{petid}12023-08-12T00:08:14.284Zplacedtrue 
400{petid}22023-06-12T00:08:14.284Zplacedtrue 
600{petid}12023-08-22T00:08:14.284Zplacedtrue 
500{petid}32023-08-12T00:08:14.284Zplacedtrue 
700{petid}12023-07-12T00:08:14.284Zplacedtrue 
800{petid}12023-08-13T00:08:14.284Zplacedtrue 
100{petid}12023-05-12T00:08:14.284Zplacedtrue 
200{petid}22023-08-17T00:08:14.284Zplacedtrue 
300{petid}12023-08-12T00:08:14.284Zplacedtrue 
500{petid}32023-08-12T00:08:14.284Zplacedtrue 
400{petid}22023-06-12T00:08:14.284Zplacedtrue 
600{petid}12023-08-22T00:08:14.284Zplacedtrue 
800{petid}12023-08-13T00:08:14.284Zplacedtrue 
700{petid}12023-07-12T00:08:14.284Zplacedtrue 
200{petid}22023-08-17T00:08:14.284Zplacedtrue 
100{petid}12023-05-12T00:08:14.284Zplacedtrue 
300{petid}12023-08-12T00:08:14.284Zplacedtrue 
400{petid}22023-06-12T00:08:14.284Zplacedtrue 
500{petid}32023-08-12T00:08:14.284Zplacedtrue 
600{petid}12023-08-22T00:08:14.284Zplacedtrue 
700{petid}12023-07-12T00:08:14.284Zplacedtrue 
800{petid}12023-08-13T00:08:14.284Zplacedtrue 
100{petid}12023-05-12T00:08:14.284Zplacedtrue 
200{petid}22023-08-17T00:08:14.284Zplacedtrue 
300{petid}12023-08-12T00:08:14.284Zplacedtrue 
400{petid}22023-06-12T00:08:14.284Zplacedtrue 
500{petid}32023-08-12T00:08:14.284Zplacedtrue 
600{petid}12023-08-22T00:08:14.284Zplacedtrue 
700{petid}12023-07-12T00:08:14.284Zplacedtrue 
800{petid}12023-08-13T00:08:14.284Zplacedtrue 
100{petid}12023-05-12T00:08:14.284Zplacedtrue 
200{petid}22023-08-17T00:08:14.284Zplacedtrue 
300{petid}12023-08-12T00:08:14.284Zplacedtrue 
400{petid}22023-06-12T00:08:14.284Zplacedtrue 
500{petid}32023-08-12T00:08:14.284Zplacedtrue 
600{petid}12023-08-22T00:08:14.284Zplacedtrue 
100{petid}12023-05-12T00:08:14.284Zplacedtrue 
700{petid}12023-07-12T00:08:14.284Zplacedtrue 
800{petid}12023-08-13T00:08:14.284Zplacedtrue 
200{petid}22023-08-17T00:08:14.284Zplacedtrue 
300{petid}12023-08-12T00:08:14.284Zplacedtrue 
400{petid}22023-06-12T00:08:14.284Zplacedtrue 
500{petid}32023-08-12T00:08:14.284Zplacedtrue 
600{petid}12023-08-22T00:08:14.284Zplacedtrue 
700{petid}12023-07-12T00:08:14.284Zplacedtrue 
800{petid}12023-08-13T00:08:14.284Zplacedtrue 
200{petid}22023-08-17T00:08:14.284Zplacedtrue 
400{petid}22023-06-12T00:08:14.284Zplacedtrue 
300{petid}12023-08-12T00:08:14.284Zplacedtrue 
100{petid}12023-05-12T00:08:14.284Zplacedtrue 
500{petid}32023-08-12T00:08:14.284Zplacedtrue 
600{petid}12023-08-22T00:08:14.284Zplacedtrue 
200{petid}22023-08-17T00:08:14.284Zplacedtrue 
100{petid}12023-05-12T00:08:14.284Zplacedtrue 
800{petid}12023-08-13T00:08:14.284Zplacedtrue 
700{petid}12023-07-12T00:08:14.284Zplacedtrue 
600{petid}12023-08-22T00:08:14.284Zplacedtrue 
800{petid}12023-08-13T00:08:14.284Zplacedtrue 
400{petid}22023-06-12T00:08:14.284Zplacedtrue 
500{petid}32023-08-12T00:08:14.284Zplacedtrue 
300{petid}12023-08-12T00:08:14.284Zplacedtrue 
700{petid}12023-07-12T00:08:14.284Zplacedtrue 
100{petid}12023-05-12T00:08:14.284Zplacedtrue 
300{petid}12023-08-12T00:08:14.284Zplacedtrue 
600{petid}12023-08-22T00:08:14.284Zplacedtrue 
200{petid}22023-08-17T00:08:14.284Zplacedtrue 
500{petid}32023-08-12T00:08:14.284Zplacedtrue 
400{petid}22023-06-12T00:08:14.284Zplacedtrue 
700{petid}12023-07-12T00:08:14.284Zplacedtrue 
800{petid}12023-08-13T00:08:14.284Zplacedtrue 
200{petid}22023-08-17T00:08:14.284Zplacedtrue 
300{petid}12023-08-12T00:08:14.284Zplacedtrue 
500{petid}32023-08-12T00:08:14.284Zplacedtrue 
100{petid}12023-05-12T00:08:14.284Zplacedtrue 
400{petid}22023-06-12T00:08:14.284Zplacedtrue 
600{petid}12023-08-22T00:08:14.284Zplacedtrue 
800{petid}12023-08-13T00:08:14.284Zplacedtrue 
700{petid}12023-07-12T00:08:14.284Zplacedtrue 
100{petid}12023-05-12T00:08:14.284Zplacedtrue 
200{petid}22023-08-17T00:08:14.284Zplacedtrue 
400{petid}22023-06-12T00:08:14.284Zplacedtrue 
300{petid}12023-08-12T00:08:14.284Zplacedtrue 
500{petid}32023-08-12T00:08:14.284Zplacedtrue 
600{petid}12023-08-22T00:08:14.284Zplacedtrue 
700{petid}12023-07-12T00:08:14.284Zplacedtrue 
800{petid}12023-08-13T00:08:14.284Zplacedtrue 
200{petid}22023-08-17T00:08:14.284Zplacedtrue 
100{petid}12023-05-12T00:08:14.284Zplacedtrue 
400{petid}22023-06-12T00:08:14.284Zplacedtrue 
300{petid}12023-08-12T00:08:14.284Zplacedtrue 
600{petid}12023-08-22T00:08:14.284Zplacedtrue 
500{petid}32023-08-12T00:08:14.284Zplacedtrue 
700{petid}12023-07-12T00:08:14.284Zplacedtrue 
800{petid}12023-08-13T00:08:14.284Zplacedtrue 
200{petid}22023-08-17T00:08:14.284Zplacedtrue 
100{petid}12023-05-12T00:08:14.284Zplacedtrue 
300{petid}12023-08-12T00:08:14.284Zplacedtrue 
400{petid}22023-06-12T00:08:14.284Zplacedtrue 
500{petid}32023-08-12T00:08:14.284Zplacedtrue 
800{petid}12023-08-13T00:08:14.284Zplacedtrue 
100{petid}12023-05-12T00:08:14.284Zplacedtrue 
600{petid}12023-08-22T00:08:14.284Zplacedtrue 
700{petid}12023-07-12T00:08:14.284Zplacedtrue 
200{petid}22023-08-17T00:08:14.284Zplacedtrue 
300{petid}12023-08-12T00:08:14.284Zplacedtrue 
400{petid}22023-06-12T00:08:14.284Zplacedtrue 
600{petid}12023-08-22T00:08:14.284Zplacedtrue 
500{petid}32023-08-12T00:08:14.284Zplacedtrue 
700{petid}12023-07-12T00:08:14.284Zplacedtrue 
800{petid}12023-08-13T00:08:14.284Zplacedtrue 
100{petid}12023-05-12T00:08:14.284Zplacedtrue 
200{petid}22023-08-17T00:08:14.284Zplacedtrue 
300{petid}12023-08-12T00:08:14.284Zplacedtrue 
500{petid}32023-08-12T00:08:14.284Zplacedtrue 
600{petid}12023-08-22T00:08:14.284Zplacedtrue 
400{petid}22023-06-12T00:08:14.284Zplacedtrue 
800{petid}12023-08-13T00:08:14.284Zplacedtrue 
700{petid}12023-07-12T00:08:14.284Zplacedtrue 
100{petid}12023-05-12T00:08:14.284Zplacedtrue 
200{petid}22023-08-17T00:08:14.284Zplacedtrue 
300{petid}12023-08-12T00:08:14.284Zplacedtrue 
400{petid}22023-06-12T00:08:14.284Zplacedtrue 
500{petid}32023-08-12T00:08:14.284Zplacedtrue 
700{petid}12023-07-12T00:08:14.284Zplacedtrue 
600{petid}12023-08-22T00:08:14.284Zplacedtrue 
800{petid}12023-08-13T00:08:14.284Zplacedtrue 
100{petid}12023-05-12T00:08:14.284Zplacedtrue 
500{petid}32023-08-12T00:08:14.284Zplacedtrue 
300{petid}12023-08-12T00:08:14.284Zplacedtrue 
400{petid}22023-06-12T00:08:14.284Zplacedtrue 
200{petid}22023-08-17T00:08:14.284Zplacedtrue 
600{petid}12023-08-22T00:08:14.284Zplacedtrue 
700{petid}12023-07-12T00:08:14.284Zplacedtrue 
800{petid}12023-08-13T00:08:14.284Zplacedtrue 
300{petid}12023-08-12T00:08:14.284Zplacedtrue 
100{petid}12023-05-12T00:08:14.284Zplacedtrue 
500{petid}32023-08-12T00:08:14.284Zplacedtrue 
200{petid}22023-08-17T00:08:14.284Zplacedtrue 
400{petid}22023-06-12T00:08:14.284Zplacedtrue 
600{petid}12023-08-22T00:08:14.284Zplacedtrue 
800{petid}12023-08-13T00:08:14.284Zplacedtrue 
700{petid}12023-07-12T00:08:14.284Zplacedtrue 
100{petid}12023-05-12T00:08:14.284Zplacedtrue 
200{petid}22023-08-17T00:08:14.284Zplacedtrue 
400{petid}22023-06-12T00:08:14.284Zplacedtrue 
300{petid}12023-08-12T00:08:14.284Zplacedtrue 
500{petid}32023-08-12T00:08:14.284Zplacedtrue 
600{petid}12023-08-22T00:08:14.284Zplacedtrue 
700{petid}12023-07-12T00:08:14.284Zplacedtrue 
200{petid}22023-08-17T00:08:14.284Zplacedtrue 
100{petid}12023-05-12T00:08:14.284Zplacedtrue 
800{petid}12023-08-13T00:08:14.284Zplacedtrue 
300{petid}12023-08-12T00:08:14.284Zplacedtrue 
400{petid}22023-06-12T00:08:14.284Zplacedtrue 
500{petid}32023-08-12T00:08:14.284Zplacedtrue 
600{petid}12023-08-22T00:08:14.284Zplacedtrue 
800{petid}12023-08-13T00:08:14.284Zplacedtrue 
700{petid}12023-07-12T00:08:14.284Zplacedtrue 
100{petid}12023-05-12T00:08:14.284Zplacedtrue 
200{petid}22023-08-17T00:08:14.284Zplacedtrue 
300{petid}12023-08-12T00:08:14.284Zplacedtrue 
400{petid}22023-06-12T00:08:14.284Zplacedtrue 
500{petid}32023-08-12T00:08:14.284Zplacedtrue 
800{petid}12023-08-13T00:08:14.284Zplacedtrue 
600{petid}12023-08-22T00:08:14.284Zplacedtrue 
100{petid}12023-05-12T00:08:14.284Zplacedtrue 
700{petid}12023-07-12T00:08:14.284Zplacedtrue 
200{petid}22023-08-17T00:08:14.284Zplacedtrue 
300{petid}12023-08-12T00:08:14.284Zplacedtrue 
400{petid}22023-06-12T00:08:14.284Zplacedtrue 
600{petid}12023-08-22T00:08:14.284Zplacedtrue 
800{petid}12023-08-13T00:08:14.284Zplacedtrue 
500{petid}32023-08-12T00:08:14.284Zplacedtrue 
700{petid}12023-07-12T00:08:14.284Zplacedtrue 
100{petid}12023-05-12T00:08:14.284Zplacedtrue 
200{petid}22023-08-17T00:08:14.284Zplacedtrue 
300{petid}12023-08-12T00:08:14.284Zplacedtrue 
800{petid}12023-08-13T00:08:14.284Zplacedtrue 
400{petid}22023-06-12T00:08:14.284Zplacedtrue 
600{petid}12023-08-22T00:08:14.284Zplacedtrue 
500{petid}32023-08-12T00:08:14.284Zplacedtrue 
700{petid}12023-07-12T00:08:14.284Zplacedtrue 
200{petid}22023-08-17T00:08:14.284Zplacedtrue 
100{petid}12023-05-12T00:08:14.284Zplacedtrue 
400{petid}22023-06-12T00:08:14.284Zplacedtrue 
600{petid}12023-08-22T00:08:14.284Zplacedtrue 
500{petid}32023-08-12T00:08:14.284Zplacedtrue 
300{petid}12023-08-12T00:08:14.284Zplacedtrue 
700{petid}12023-07-12T00:08:14.284Zplacedtrue 
800{petid}12023-08-13T00:08:14.284Zplacedtrue 
100{petid}12023-05-12T00:08:14.284Zplacedtrue 
600{petid}12023-08-22T00:08:14.284Zplacedtrue 
300{petid}12023-08-12T00:08:14.284Zplacedtrue 
200{petid}22023-08-17T00:08:14.284Zplacedtrue 
700{petid}12023-07-12T00:08:14.284Zplacedtrue 
500{petid}32023-08-12T00:08:14.284Zplacedtrue 
400{petid}22023-06-12T00:08:14.284Zplacedtrue 
800{petid}12023-08-13T00:08:14.284Zplacedtrue 
100{petid}12023-05-12T00:08:14.284Zplacedtrue 
200{petid}22023-08-17T00:08:14.284Zplacedtrue 
300{petid}12023-08-12T00:08:14.284Zplacedtrue 
500{petid}32023-08-12T00:08:14.284Zplacedtrue 
600{petid}12023-08-22T00:08:14.284Zplacedtrue 
400{petid}22023-06-12T00:08:14.284Zplacedtrue 
700{petid}12023-07-12T00:08:14.284Zplacedtrue 
800{petid}12023-08-13T00:08:14.284Zplacedtrue 
300{petid}12023-08-12T00:08:14.284Zplacedtrue 
100{petid}12023-05-12T00:08:14.284Zplacedtrue 
200{petid}22023-08-17T00:08:14.284Zplacedtrue 
400{petid}22023-06-12T00:08:14.284Zplacedtrue 
500{petid}32023-08-12T00:08:14.284Zplacedtrue 
600{petid}12023-08-22T00:08:14.284Zplacedtrue 
700{petid}12023-07-12T00:08:14.284Zplacedtrue 
300{petid}12023-08-12T00:08:14.284Zplacedtrue 
200{petid}22023-08-17T00:08:14.284Zplacedtrue 
100{petid}12023-05-12T00:08:14.284Zplacedtrue 
800{petid}12023-08-13T00:08:14.284Zplacedtrue 
400{petid}22023-06-12T00:08:14.284Zplacedtrue 
500{petid}32023-08-12T00:08:14.284Zplacedtrue 
600{petid}12023-08-22T00:08:14.284Zplacedtrue 
700{petid}12023-07-12T00:08:14.284Zplacedtrue 
200{petid}22023-08-17T00:08:14.284Zplacedtrue 
800{petid}12023-08-13T00:08:14.284Zplacedtrue 
100{petid}12023-05-12T00:08:14.284Zplacedtrue 
300{petid}12023-08-12T00:08:14.284Zplacedtrue 
400{petid}22023-06-12T00:08:14.284Zplacedtrue 
500{petid}32023-08-12T00:08:14.284Zplacedtrue 
600{petid}12023-08-22T00:08:14.284Zplacedtrue 
800{petid}12023-08-13T00:08:14.284Zplacedtrue 
700{petid}12023-07-12T00:08:14.284Zplacedtrue 
100{petid}12023-05-12T00:08:14.284Zplacedtrue 
200{petid}22023-08-17T00:08:14.284Zplacedtrue 
400{petid}22023-06-12T00:08:14.284Zplacedtrue 
300{petid}12023-08-12T00:08:14.284Zplacedtrue 
500{petid}32023-08-12T00:08:14.284Zplacedtrue 
600{petid}12023-08-22T00:08:14.284Zplacedtrue 
800{petid}12023-08-13T00:08:14.284Zplacedtrue 
700{petid}12023-07-12T00:08:14.284Zplacedtrue 
100{petid}12023-05-12T00:08:14.284Zplacedtrue 
300{petid}12023-08-12T00:08:14.284Zplacedtrue 
200{petid}22023-08-17T00:08:14.284Zplacedtrue 
400{petid}22023-06-12T00:08:14.284Zplacedtrue 
500{petid}32023-08-12T00:08:14.284Zplacedtrue 
700{petid}12023-07-12T00:08:14.284Zplacedtrue 
800{petid}12023-08-13T00:08:14.284Zplacedtrue 
600{petid}12023-08-22T00:08:14.284Zplacedtrue 
100{petid}12023-05-12T00:08:14.284Zplacedtrue 
200{petid}22023-08-17T00:08:14.284Zplacedtrue 
300{petid}12023-08-12T00:08:14.284Zplacedtrue 
400{petid}22023-06-12T00:08:14.284Zplacedtrue 
500{petid}32023-08-12T00:08:14.284Zplacedtrue 
600{petid}12023-08-22T00:08:14.284Zplacedtrue 
700{petid}12023-07-12T00:08:14.284Zplacedtrue 
800{petid}12023-08-13T00:08:14.284Zplacedtrue 
100{petid}12023-05-12T00:08:14.284Zplacedtrue 
200{petid}22023-08-17T00:08:14.284Zplacedtrue 
300{petid}12023-08-12T00:08:14.284Zplacedtrue 
500{petid}32023-08-12T00:08:14.284Zplacedtrue 
400{petid}22023-06-12T00:08:14.284Zplacedtrue 
600{petid}12023-08-22T00:08:14.284Zplacedtrue 
700{petid}12023-07-12T00:08:14.284Zplacedtrue 
800{petid}12023-08-13T00:08:14.284Zplacedtrue 
100{petid}12023-05-12T00:08:14.284Zplacedtrue 
400{petid}22023-06-12T00:08:14.284Zplacedtrue 
200{petid}22023-08-17T00:08:14.284Zplacedtrue 
500{petid}32023-08-12T00:08:14.284Zplacedtrue 
300{petid}12023-08-12T00:08:14.284Zplacedtrue 
600{petid}12023-08-22T00:08:14.284Zplacedtrue 
800{petid}12023-08-13T00:08:14.284Zplacedtrue 
700{petid}12023-07-12T00:08:14.284Zplacedtrue 
400{petid}22023-06-12T00:08:14.284Zplacedtrue 
100{petid}12023-05-12T00:08:14.284Zplacedtrue 
200{petid}22023-08-17T00:08:14.284Zplacedtrue 
300{petid}12023-08-12T00:08:14.284Zplacedtrue 
500{petid}32023-08-12T00:08:14.284Zplacedtrue 
700{petid}12023-07-12T00:08:14.284Zplacedtrue 
600{petid}12023-08-22T00:08:14.284Zplacedtrue 
800{petid}12023-08-13T00:08:14.284Zplacedtrue 
200{petid}22023-08-17T00:08:14.284Zplacedtrue 
300{petid}12023-08-12T00:08:14.284Zplacedtrue 
100{petid}12023-05-12T00:08:14.284Zplacedtrue 
400{petid}22023-06-12T00:08:14.284Zplacedtrue 
500{petid}32023-08-12T00:08:14.284Zplacedtrue 
600{petid}12023-08-22T00:08:14.284Zplacedtrue 
700{petid}12023-07-12T00:08:14.284Zplacedtrue 
800{petid}12023-08-13T00:08:14.284Zplacedtrue 
200{petid}22023-08-17T00:08:14.284Zplacedtrue 
100{petid}12023-05-12T00:08:14.284Zplacedtrue 
300{petid}12023-08-12T00:08:14.284Zplacedtrue 
400{petid}22023-06-12T00:08:14.284Zplacedtrue 
500{petid}32023-08-12T00:08:14.284Zplacedtrue 
600{petid}12023-08-22T00:08:14.284Zplacedtrue 
700{petid}12023-07-12T00:08:14.284Zplacedtrue 
100{petid}12023-05-12T00:08:14.284Zplacedtrue 
800{petid}12023-08-13T00:08:14.284Zplacedtrue 
200{petid}22023-08-17T00:08:14.284Zplacedtrue 
300{petid}12023-08-12T00:08:14.284Zplacedtrue 
400{petid}22023-06-12T00:08:14.284Zplacedtrue 
500{petid}32023-08-12T00:08:14.284Zplacedtrue 
800{petid}12023-08-13T00:08:14.284Zplacedtrue 
600{petid}12023-08-22T00:08:14.284Zplacedtrue 
700{petid}12023-07-12T00:08:14.284Zplacedtrue 
100{petid}12023-05-12T00:08:14.284Zplacedtrue 
200{petid}22023-08-17T00:08:14.284Zplacedtrue 
300{petid}12023-08-12T00:08:14.284Zplacedtrue 
400{petid}22023-06-12T00:08:14.284Zplacedtrue 
500{petid}32023-08-12T00:08:14.284Zplacedtrue 
800{petid}12023-08-13T00:08:14.284Zplacedtrue 
600{petid}12023-08-22T00:08:14.284Zplacedtrue 
700{petid}12023-07-12T00:08:14.284Zplacedtrue 
100{petid}12023-05-12T00:08:14.284Zplacedtrue 
200{petid}22023-08-17T00:08:14.284Zplacedtrue 
300{petid}12023-08-12T00:08:14.284Zplacedtrue 
500{petid}32023-08-12T00:08:14.284Zplacedtrue 
400{petid}22023-06-12T00:08:14.284Zplacedtrue 
700{petid}12023-07-12T00:08:14.284Zplacedtrue 
600{petid}12023-08-22T00:08:14.284Zplacedtrue 
800{petid}12023-08-13T00:08:14.284Zplacedtrue 
200{petid}22023-08-17T00:08:14.284Zplacedtrue 
100{petid}12023-05-12T00:08:14.284Zplacedtrue 
400{petid}22023-06-12T00:08:14.284Zplacedtrue 
300{petid}12023-08-12T00:08:14.284Zplacedtrue 
500{petid}32023-08-12T00:08:14.284Zplacedtrue 
800{petid}12023-08-13T00:08:14.284Zplacedtrue 
700{petid}12023-07-12T00:08:14.284Zplacedtrue 
600{petid}12023-08-22T00:08:14.284Zplacedtrue 
100{petid}12023-05-12T00:08:14.284Zplacedtrue 
200{petid}22023-08-17T00:08:14.284Zplacedtrue 
300{petid}12023-08-12T00:08:14.284Zplacedtrue 
400{petid}22023-06-12T00:08:14.284Zplacedtrue 
500{petid}32023-08-12T00:08:14.284Zplacedtrue 
800{petid}12023-08-13T00:08:14.284Zplacedtrue 
600{petid}12023-08-22T00:08:14.284Zplacedtrue 
700{petid}12023-07-12T00:08:14.284Zplacedtrue 
100{petid}12023-05-12T00:08:14.284Zplacedtrue 
200{petid}22023-08-17T00:08:14.284Zplacedtrue 
400{petid}22023-06-12T00:08:14.284Zplacedtrue 
300{petid}12023-08-12T00:08:14.284Zplacedtrue 
500{petid}32023-08-12T00:08:14.284Zplacedtrue 
600{petid}12023-08-22T00:08:14.284Zplacedtrue 
700{petid}12023-07-12T00:08:14.284Zplacedtrue 
800{petid}12023-08-13T00:08:14.284Zplacedtrue 
100{petid}12023-05-12T00:08:14.284Zplacedtrue 
200{petid}22023-08-17T00:08:14.284Zplacedtrue 
300{petid}12023-08-12T00:08:14.284Zplacedtrue 
400{petid}22023-06-12T00:08:14.284Zplacedtrue 
500{petid}32023-08-12T00:08:14.284Zplacedtrue 
800{petid}12023-08-13T00:08:14.284Zplacedtrue 
600{petid}12023-08-22T00:08:14.284Zplacedtrue 
700{petid}12023-07-12T00:08:14.284Zplacedtrue 
200{petid}22023-08-17T00:08:14.284Zplacedtrue 
400{petid}22023-06-12T00:08:14.284Zplacedtrue 
300{petid}12023-08-12T00:08:14.284Zplacedtrue 
100{petid}12023-05-12T00:08:14.284Zplacedtrue 
700{petid}12023-07-12T00:08:14.284Zplacedtrue 
500{petid}32023-08-12T00:08:14.284Zplacedtrue 
600{petid}12023-08-22T00:08:14.284Zplacedtrue 
800{petid}12023-08-13T00:08:14.284Zplacedtrue 
300{petid}12023-08-12T00:08:14.284Zplacedtrue 
100{petid}12023-05-12T00:08:14.284Zplacedtrue 
200{petid}22023-08-17T00:08:14.284Zplacedtrue 
400{petid}22023-06-12T00:08:14.284Zplacedtrue 
500{petid}32023-08-12T00:08:14.284Zplacedtrue 
700{petid}12023-07-12T00:08:14.284Zplacedtrue 
600{petid}12023-08-22T00:08:14.284Zplacedtrue 
800{petid}12023-08-13T00:08:14.284Zplacedtrue 
100{petid}12023-05-12T00:08:14.284Zplacedtrue 
400{petid}22023-06-12T00:08:14.284Zplacedtrue 
200{petid}22023-08-17T00:08:14.284Zplacedtrue 
300{petid}12023-08-12T00:08:14.284Zplacedtrue 
500{petid}32023-08-12T00:08:14.284Zplacedtrue 
600{petid}12023-08-22T00:08:14.284Zplacedtrue 
100{petid}12023-05-12T00:08:14.284Zplacedtrue 
800{petid}12023-08-13T00:08:14.284Zplacedtrue 
700{petid}12023-07-12T00:08:14.284Zplacedtrue 
200{petid}22023-08-17T00:08:14.284Zplacedtrue 
300{petid}12023-08-12T00:08:14.284Zplacedtrue 
400{petid}22023-06-12T00:08:14.284Zplacedtrue 
500{petid}32023-08-12T00:08:14.284Zplacedtrue 
600{petid}12023-08-22T00:08:14.284Zplacedtrue 
700{petid}12023-07-12T00:08:14.284Zplacedtrue 
800{petid}12023-08-13T00:08:14.284Zplacedtrue 
100{petid}12023-05-12T00:08:14.284Zplacedtrue 
200{petid}22023-08-17T00:08:14.284Zplacedtrue 
300{petid}12023-08-12T00:08:14.284Zplacedtrue 
400{petid}22023-06-12T00:08:14.284Zplacedtrue 
500{petid}32023-08-12T00:08:14.284Zplacedtrue 
600{petid}12023-08-22T00:08:14.284Zplacedtrue 
700{petid}12023-07-12T00:08:14.284Zplacedtrue 
800{petid}12023-08-13T00:08:14.284Zplacedtrue 
100{petid}12023-05-12T00:08:14.284Zplacedtrue 
200{petid}22023-08-17T00:08:14.284Zplacedtrue 
300{petid}12023-08-12T00:08:14.284Zplacedtrue 
400{petid}22023-06-12T00:08:14.284Zplacedtrue 
500{petid}32023-08-12T00:08:14.284Zplacedtrue 
600{petid}12023-08-22T00:08:14.284Zplacedtrue 
700{petid}12023-07-12T00:08:14.284Zplacedtrue 
800{petid}12023-08-13T00:08:14.284Zplacedtrue 
100{petid}12023-05-12T00:08:14.284Zplacedtrue 
200{petid}22023-08-17T00:08:14.284Zplacedtrue 
300{petid}12023-08-12T00:08:14.284Zplacedtrue 
400{petid}22023-06-12T00:08:14.284Zplacedtrue 
500{petid}32023-08-12T00:08:14.284Zplacedtrue 
600{petid}12023-08-22T00:08:14.284Zplacedtrue 
700{petid}12023-07-12T00:08:14.284Zplacedtrue 
800{petid}12023-08-13T00:08:14.284Zplacedtrue 
100{petid}12023-05-12T00:08:14.284Zplacedtrue 
200{petid}22023-08-17T00:08:14.284Zplacedtrue 
300{petid}12023-08-12T00:08:14.284Zplacedtrue 
400{petid}22023-06-12T00:08:14.284Zplacedtrue 
500{petid}32023-08-12T00:08:14.284Zplacedtrue 
600{petid}12023-08-22T00:08:14.284Zplacedtrue 
800{petid}12023-08-13T00:08:14.284Zplacedtrue 
700{petid}12023-07-12T00:08:14.284Zplacedtrue 
100{petid}12023-05-12T00:08:14.284Zplacedtrue 
200{petid}22023-08-17T00:08:14.284Zplacedtrue 
300{petid}12023-08-12T00:08:14.284Zplacedtrue 
400{petid}22023-06-12T00:08:14.284Zplacedtrue 
500{petid}32023-08-12T00:08:14.284Zplacedtrue 
600{petid}12023-08-22T00:08:14.284Zplacedtrue 
700{petid}12023-07-12T00:08:14.284Zplacedtrue 
100{petid}12023-05-12T00:08:14.284Zplacedtrue 
800{petid}12023-08-13T00:08:14.284Zplacedtrue 
200{petid}22023-08-17T00:08:14.284Zplacedtrue 
300{petid}12023-08-12T00:08:14.284Zplacedtrue 
400{petid}22023-06-12T00:08:14.284Zplacedtrue 
500{petid}32023-08-12T00:08:14.284Zplacedtrue 
600{petid}12023-08-22T00:08:14.284Zplacedtrue 
700{petid}12023-07-12T00:08:14.284Zplacedtrue 
100{petid}12023-05-12T00:08:14.284Zplacedtrue 
800{petid}12023-08-13T00:08:14.284Zplacedtrue 
200{petid}22023-08-17T00:08:14.284Zplacedtrue 
300{petid}12023-08-12T00:08:14.284Zplacedtrue 
400{petid}22023-06-12T00:08:14.284Zplacedtrue 
500{petid}32023-08-12T00:08:14.284Zplacedtrue 
600{petid}12023-08-22T00:08:14.284Zplacedtrue 
700{petid}12023-07-12T00:08:14.284Zplacedtrue 
800{petid}12023-08-13T00:08:14.284Zplacedtrue 
200{petid}22023-08-17T00:08:14.284Zplacedtrue 
300{petid}12023-08-12T00:08:14.284Zplacedtrue 
100{petid}12023-05-12T00:08:14.284Zplacedtrue 
400{petid}22023-06-12T00:08:14.284Zplacedtrue 
500{petid}32023-08-12T00:08:14.284Zplacedtrue 
600{petid}12023-08-22T00:08:14.284Zplacedtrue 
700{petid}12023-07-12T00:08:14.284Zplacedtrue 
800{petid}12023-08-13T00:08:14.284Zplacedtrue 
200{petid}22023-08-17T00:08:14.284Zplacedtrue 
300{petid}12023-08-12T00:08:14.284Zplacedtrue 
100{petid}12023-05-12T00:08:14.284Zplacedtrue 
200{petid}22023-08-17T00:08:14.284Zplacedtrue 
300{petid}12023-08-12T00:08:14.284Zplacedtrue 
400{petid}22023-06-12T00:08:14.284Zplacedtrue 
500{petid}32023-08-12T00:08:14.284Zplacedtrue 
600{petid}12023-08-22T00:08:14.284Zplacedtrue 
700{petid}12023-07-12T00:08:14.284Zplacedtrue 
800{petid}12023-08-13T00:08:14.284Zplacedtrue 
100{petid}12023-05-12T00:08:14.284Zplacedtrue 
200{petid}22023-08-17T00:08:14.284Zplacedtrue 
300{petid}12023-08-12T00:08:14.284Zplacedtrue 
400{petid}22023-06-12T00:08:14.284Zplacedtrue 
500{petid}32023-08-12T00:08:14.284Zplacedtrue 
600{petid}12023-08-22T00:08:14.284Zplacedtrue 
700{petid}12023-07-12T00:08:14.284Zplacedtrue 
800{petid}12023-08-13T00:08:14.284Zplacedtrue 
100{petid}12023-05-12T00:08:14.284Zplacedtrue 
200{petid}22023-08-17T00:08:14.284Zplacedtrue 
300{petid}12023-08-12T00:08:14.284Zplacedtrue 
400{petid}22023-06-12T00:08:14.284Zplacedtrue 
500{petid}32023-08-12T00:08:14.284Zplacedtrue 
600{petid}12023-08-22T00:08:14.284Zplacedtrue 
700{petid}12023-07-12T00:08:14.284Zplacedtrue 
800{petid}12023-08-13T00:08:14.284Zplacedtrue 
100{petid}12023-05-12T00:08:14.284Zplacedtrue 
200{petid}22023-08-17T00:08:14.284Zplacedtrue 
300{petid}12023-08-12T00:08:14.284Zplacedtrue 
400{petid}22023-06-12T00:08:14.284Zplacedtrue 
500{petid}32023-08-12T00:08:14.284Zplacedtrue 
100{petid}12023-05-12T00:08:14.284Zplacedtrue 
200{petid}22023-08-17T00:08:14.284Zplacedtrue 
300{petid}12023-08-12T00:08:14.284Zplacedtrue 
400{petid}22023-06-12T00:08:14.284Zplacedtrue 
500{petid}32023-08-12T00:08:14.284Zplacedtrue 
600{petid}12023-08-22T00:08:14.284Zplacedtrue 
700{petid}12023-07-12T00:08:14.284Zplacedtrue 
800{petid}12023-08-13T00:08:14.284Zplacedtrue 
200{petid}22023-08-17T00:08:14.284Zplacedtrue 
300{petid}12023-08-12T00:08:14.284Zplacedtrue 
100{petid}12023-05-12T00:08:14.284Zplacedtrue 
400{petid}22023-06-12T00:08:14.284Zplacedtrue 
500{petid}32023-08-12T00:08:14.284Zplacedtrue 
600{petid}12023-08-22T00:08:14.284Zplacedtrue 
700{petid}12023-07-12T00:08:14.284Zplacedtrue 
800{petid}12023-08-13T00:08:14.284Zplacedtrue 
100{petid}12023-05-12T00:08:14.284Zplacedtrue 
200{petid}22023-08-17T00:08:14.284Zplacedtrue 
300{petid}12023-08-12T00:08:14.284Zplacedtrue 
400{petid}22023-06-12T00:08:14.284Zplacedtrue 
500{petid}32023-08-12T00:08:14.284Zplacedtrue 
600{petid}12023-08-22T00:08:14.284Zplacedtrue 
800{petid}12023-08-13T00:08:14.284Zplacedtrue 
200{petid}22023-08-17T00:08:14.284Zplacedtrue 
700{petid}12023-07-12T00:08:14.284Zplacedtrue 
300{petid}12023-08-12T00:08:14.284Zplacedtrue 
400{petid}22023-06-12T00:08:14.284Zplacedtrue 
500{petid}32023-08-12T00:08:14.284Zplacedtrue 
600{petid}12023-08-22T00:08:14.284Zplacedtrue 
100{petid}12023-05-12T00:08:14.284Zplacedtrue 
700{petid}12023-07-12T00:08:14.284Zplacedtrue 
800{petid}12023-08-13T00:08:14.284Zplacedtrue 
100{petid}12023-05-12T00:08:14.284Zplacedtrue 
200{petid}22023-08-17T00:08:14.284Zplacedtrue 
300{petid}12023-08-12T00:08:14.284Zplacedtrue 
400{petid}22023-06-12T00:08:14.284Zplacedtrue 
500{petid}32023-08-12T00:08:14.284Zplacedtrue 
600{petid}12023-08-22T00:08:14.284Zplacedtrue 
700{petid}12023-07-12T00:08:14.284Zplacedtrue 
100{petid}12023-05-12T00:08:14.284Zplacedtrue 
800{petid}12023-08-13T00:08:14.284Zplacedtrue 
300{petid}12023-08-12T00:08:14.284Zplacedtrue 
400{petid}22023-06-12T00:08:14.284Zplacedtrue 
500{petid}32023-08-12T00:08:14.284Zplacedtrue 
600{petid}12023-08-22T00:08:14.284Zplacedtrue 
200{petid}22023-08-17T00:08:14.284Zplacedtrue 
700{petid}12023-07-12T00:08:14.284Zplacedtrue 
800{petid}12023-08-13T00:08:14.284Zplacedtrue 
100{petid}12023-05-12T00:08:14.284Zplacedtrue 
200{petid}22023-08-17T00:08:14.284Zplacedtrue 
300{petid}12023-08-12T00:08:14.284Zplacedtrue 
400{petid}22023-06-12T00:08:14.284Zplacedtrue 
500{petid}32023-08-12T00:08:14.284Zplacedtrue 
600{petid}12023-08-22T00:08:14.284Zplacedtrue 
700{petid}12023-07-12T00:08:14.284Zplacedtrue 
800{petid}12023-08-13T00:08:14.284Zplacedtrue 
200{petid}22023-08-17T00:08:14.284Zplacedtrue 
100{petid}12023-05-12T00:08:14.284Zplacedtrue 
300{petid}12023-08-12T00:08:14.284Zplacedtrue 
400{petid}22023-06-12T00:08:14.284Zplacedtrue 
600{petid}12023-08-22T00:08:14.284Zplacedtrue 
700{petid}12023-07-12T00:08:14.284Zplacedtrue 
500{petid}32023-08-12T00:08:14.284Zplacedtrue 
800{petid}12023-08-13T00:08:14.284Zplacedtrue 
100{petid}12023-05-12T00:08:14.284Zplacedtrue 
200{petid}22023-08-17T00:08:14.284Zplacedtrue 
300{petid}12023-08-12T00:08:14.284Zplacedtrue 
400{petid}22023-06-12T00:08:14.284Zplacedtrue 
500{petid}32023-08-12T00:08:14.284Zplacedtrue 
600{petid}12023-08-22T00:08:14.284Zplacedtrue 
700{petid}12023-07-12T00:08:14.284Zplacedtrue 
800{petid}12023-08-13T00:08:14.284Zplacedtrue 
100{petid}12023-05-12T00:08:14.284Zplacedtrue 
200{petid}22023-08-17T00:08:14.284Zplacedtrue 
300{petid}12023-08-12T00:08:14.284Zplacedtrue 
400{petid}22023-06-12T00:08:14.284Zplacedtrue 
500{petid}32023-08-12T00:08:14.284Zplacedtrue 
600{petid}12023-08-22T00:08:14.284Zplacedtrue 
700{petid}12023-07-12T00:08:14.284Zplacedtrue 
100{petid}12023-05-12T00:08:14.284Zplacedtrue 
200{petid}22023-08-17T00:08:14.284Zplacedtrue 
800{petid}12023-08-13T00:08:14.284Zplacedtrue 
300{petid}12023-08-12T00:08:14.284Zplacedtrue 
400{petid}22023-06-12T00:08:14.284Zplacedtrue 
500{petid}32023-08-12T00:08:14.284Zplacedtrue 
600{petid}12023-08-22T00:08:14.284Zplacedtrue 
700{petid}12023-07-12T00:08:14.284Zplacedtrue 
800{petid}12023-08-13T00:08:14.284Zplacedtrue 
100{petid}12023-05-12T00:08:14.284Zplacedtrue 
300{petid}12023-08-12T00:08:14.284Zplacedtrue 
200{petid}22023-08-17T00:08:14.284Zplacedtrue 
400{petid}22023-06-12T00:08:14.284Zplacedtrue 
500{petid}32023-08-12T00:08:14.284Zplacedtrue 
800{petid}12023-08-13T00:08:14.284Zplacedtrue 
700{petid}12023-07-12T00:08:14.284Zplacedtrue 
100{petid}12023-05-12T00:08:14.284Zplacedtrue 
600{petid}12023-08-22T00:08:14.284Zplacedtrue 
200{petid}22023-08-17T00:08:14.284Zplacedtrue 
300{petid}12023-08-12T00:08:14.284Zplacedtrue 
400{petid}22023-06-12T00:08:14.284Zplacedtrue 
500{petid}32023-08-12T00:08:14.284Zplacedtrue 
600{petid}12023-08-22T00:08:14.284Zplacedtrue 
700{petid}12023-07-12T00:08:14.284Zplacedtrue 
800{petid}12023-08-13T00:08:14.284Zplacedtrue 
100{petid}12023-05-12T00:08:14.284Zplacedtrue 
200{petid}22023-08-17T00:08:14.284Zplacedtrue 
300{petid}12023-08-12T00:08:14.284Zplacedtrue 
400{petid}22023-06-12T00:08:14.284Zplacedtrue 
500{petid}32023-08-12T00:08:14.284Zplacedtrue 
600{petid}12023-08-22T00:08:14.284Zplacedtrue 
700{petid}12023-07-12T00:08:14.284Zplacedtrue 
800{petid}12023-08-13T00:08:14.284Zplacedtrue 
100{petid}12023-05-12T00:08:14.284Zplacedtrue 
300{petid}12023-08-12T00:08:14.284Zplacedtrue 
400{petid}22023-06-12T00:08:14.284Zplacedtrue 
500{petid}32023-08-12T00:08:14.284Zplacedtrue 
600{petid}12023-08-22T00:08:14.284Zplacedtrue 
200{petid}22023-08-17T00:08:14.284Zplacedtrue 
700{petid}12023-07-12T00:08:14.284Zplacedtrue 
800{petid}12023-08-13T00:08:14.284Zplacedtrue 
100{petid}12023-05-12T00:08:14.284Zplacedtrue 
200{petid}22023-08-17T00:08:14.284Zplacedtrue 
300{petid}12023-08-12T00:08:14.284Zplacedtrue 
400{petid}22023-06-12T00:08:14.284Zplacedtrue 
500{petid}32023-08-12T00:08:14.284Zplacedtrue 
600{petid}12023-08-22T00:08:14.284Zplacedtrue 
700{petid}12023-07-12T00:08:14.284Zplacedtrue 
800{petid}12023-08-13T00:08:14.284Zplacedtrue 
100{petid}12023-05-12T00:08:14.284Zplacedtrue 
200{petid}22023-08-17T00:08:14.284Zplacedtrue 
300{petid}12023-08-12T00:08:14.284Zplacedtrue 
400{petid}22023-06-12T00:08:14.284Zplacedtrue 
500{petid}32023-08-12T00:08:14.284Zplacedtrue 
600{petid}12023-08-22T00:08:14.284Zplacedtrue 
700{petid}12023-07-12T00:08:14.284Zplacedtrue 
800{petid}12023-08-13T00:08:14.284Zplacedtrue 
100{petid}12023-05-12T00:08:14.284Zplacedtrue 
200{petid}22023-08-17T00:08:14.284Zplacedtrue 
300{petid}12023-08-12T00:08:14.284Zplacedtrue 
400{petid}22023-06-12T00:08:14.284Zplacedtrue 
500{petid}32023-08-12T00:08:14.284Zplacedtrue 
600{petid}12023-08-22T00:08:14.284Zplacedtrue 
700{petid}12023-07-12T00:08:14.284Zplacedtrue 
100112023-05-12T00:08:14.284Zplacedtrue 
200222023-08-17T00:08:14.284Zplacedtrue 
300312023-08-12T00:08:14.284Zplacedtrue 
500532023-08-12T00:08:14.284Zplacedtrue 
600612023-08-22T00:08:14.284Zplacedtrue 
400422023-06-12T00:08:14.284Zplacedtrue 
700712023-07-12T00:08:14.284Zplacedtrue 
800812023-08-13T00:08:14.284Zplacedtrue 
200222023-08-17T00:08:14.284Zplacedtrue 
100112023-05-12T00:08:14.284Zplacedtrue 
300312023-08-12T00:08:14.284Zplacedtrue 
400422023-06-12T00:08:14.284Zplacedtrue 
500532023-08-12T00:08:14.284Zplacedtrue 
600612023-08-22T00:08:14.284Zplacedtrue 
700712023-07-12T00:08:14.284Zplacedtrue 
800812023-08-13T00:08:14.284Zplacedtrue 
200222023-08-17T00:08:14.284Zplacedtrue 
300312023-08-12T00:08:14.284Zplacedtrue 
400422023-06-12T00:08:14.284Zplacedtrue 
100112023-05-12T00:08:14.284Zplacedtrue 
500532023-08-12T00:08:14.284Zplacedtrue 
700712023-07-12T00:08:14.284Zplacedtrue 
800812023-08-13T00:08:14.284Zplacedtrue 
600612023-08-22T00:08:14.284Zplacedtrue 
100112023-05-12T00:08:14.284Zplacedtrue 
200222023-08-17T00:08:14.284Zplacedtrue 
300312023-08-12T00:08:14.284Zplacedtrue 
400422023-06-12T00:08:14.284Zplacedtrue 
600612023-08-22T00:08:14.284Zplacedtrue 
700712023-07-12T00:08:14.284Zplacedtrue 
500532023-08-12T00:08:14.284Zplacedtrue 
800812023-08-13T00:08:14.284Zplacedtrue 
100112023-05-12T00:08:14.284Zplacedtrue 
300312023-08-12T00:08:14.284Zplacedtrue 
200222023-08-17T00:08:14.284Zplacedtrue 
500532023-08-12T00:08:14.284Zplacedtrue 
600612023-08-22T00:08:14.284Zplacedtrue 
400422023-06-12T00:08:14.284Zplacedtrue 
800812023-08-13T00:08:14.284Zplacedtrue 
100112023-05-12T00:08:14.284Zplacedtrue 
200222023-08-17T00:08:14.284Zplacedtrue 
300312023-08-12T00:08:14.284Zplacedtrue 
700712023-07-12T00:08:14.284Zplacedtrue 
500532023-08-12T00:08:14.284Zplacedtrue 
600612023-08-22T00:08:14.284Zplacedtrue 
400422023-06-12T00:08:14.284Zplacedtrue 
700712023-07-12T00:08:14.284Zplacedtrue 
800812023-08-13T00:08:14.284Zplacedtrue 
100112023-05-12T00:08:14.284Zplacedtrue 
200222023-08-17T00:08:14.284Zplacedtrue 
400422023-06-12T00:08:14.284Zplacedtrue 
500532023-08-12T00:08:14.284Zplacedtrue 
300312023-08-12T00:08:14.284Zplacedtrue 
600612023-08-22T00:08:14.284Zplacedtrue 
700712023-07-12T00:08:14.284Zplacedtrue 
800812023-08-13T00:08:14.284Zplacedtrue 
100112023-05-12T00:08:14.284Zplacedtrue 
200222023-08-17T00:08:14.284Zplacedtrue 
300312023-08-12T00:08:14.284Zplacedtrue 
400422023-06-12T00:08:14.284Zplacedtrue 
500532023-08-12T00:08:14.284Zplacedtrue 
600612023-08-22T00:08:14.284Zplacedtrue 
800812023-08-13T00:08:14.284Zplacedtrue 
100112023-05-12T00:08:14.284Zplacedtrue 
700712023-07-12T00:08:14.284Zplacedtrue 
200222023-08-17T00:08:14.284Zplacedtrue 
400422023-06-12T00:08:14.284Zplacedtrue 
300312023-08-12T00:08:14.284Zplacedtrue 
500532023-08-12T00:08:14.284Zplacedtrue 
600612023-08-22T00:08:14.284Zplacedtrue 
700712023-07-12T00:08:14.284Zplacedtrue 
800812023-08-13T00:08:14.284Zplacedtrue 
200222023-08-17T00:08:14.284Zplacedtrue 
100112023-05-12T00:08:14.284Zplacedtrue 
300312023-08-12T00:08:14.284Zplacedtrue 
400422023-06-12T00:08:14.284Zplacedtrue 
500532023-08-12T00:08:14.284Zplacedtrue 
700712023-07-12T00:08:14.284Zplacedtrue 
600612023-08-22T00:08:14.284Zplacedtrue 
800812023-08-13T00:08:14.284Zplacedtrue 
100112023-05-12T00:08:14.284Zplacedtrue 
200222023-08-17T00:08:14.284Zplacedtrue 
400422023-06-12T00:08:14.284Zplacedtrue 
300312023-08-12T00:08:14.284Zplacedtrue 
500532023-08-12T00:08:14.284Zplacedtrue 
600612023-08-22T00:08:14.284Zplacedtrue 
700712023-07-12T00:08:14.284Zplacedtrue 
800812023-08-13T00:08:14.284Zplacedtrue 
100112023-05-12T00:08:14.284Zplacedtrue 
200222023-08-17T00:08:14.284Zplacedtrue 
300312023-08-12T00:08:14.284Zplacedtrue 
400422023-06-12T00:08:14.284Zplacedtrue 
600612023-08-22T00:08:14.284Zplacedtrue 
700712023-07-12T00:08:14.284Zplacedtrue 
800812023-08-13T00:08:14.284Zplacedtrue 
500532023-08-12T00:08:14.284Zplacedtrue 
200222023-08-17T00:08:14.284Zplacedtrue 
100112023-05-12T00:08:14.284Zplacedtrue 
300312023-08-12T00:08:14.284Zplacedtrue 
400422023-06-12T00:08:14.284Zplacedtrue 
500532023-08-12T00:08:14.284Zplacedtrue 
600612023-08-22T00:08:14.284Zplacedtrue 
700712023-07-12T00:08:14.284Zplacedtrue 
800812023-08-13T00:08:14.284Zplacedtrue 
100112023-05-12T00:08:14.284Zplacedtrue 
200222023-08-17T00:08:14.284Zplacedtrue 
300312023-08-12T00:08:14.284Zplacedtrue 
400422023-06-12T00:08:14.284Zplacedtrue 
500532023-08-12T00:08:14.284Zplacedtrue 
600612023-08-22T00:08:14.284Zplacedtrue 
700712023-07-12T00:08:14.284Zplacedtrue 
800812023-08-13T00:08:14.284Zplacedtrue 
100112023-05-12T00:08:14.284Zplacedtrue 
200222023-08-17T00:08:14.284Zplacedtrue 
400422023-06-12T00:08:14.284Zplacedtrue 
500532023-08-12T00:08:14.284Zplacedtrue 
600612023-08-22T00:08:14.284Zplacedtrue 
300312023-08-12T00:08:14.284Zplacedtrue 
700712023-07-12T00:08:14.284Zplacedtrue 
800812023-08-13T00:08:14.284Zplacedtrue 
100112023-05-12T00:08:14.284Zplacedtrue 
200222023-08-17T00:08:14.284Zplacedtrue 
300312023-08-12T00:08:14.284Zplacedtrue 
500532023-08-12T00:08:14.284Zplacedtrue 
400422023-06-12T00:08:14.284Zplacedtrue 
600612023-08-22T00:08:14.284Zplacedtrue 
700712023-07-12T00:08:14.284Zplacedtrue 
800812023-08-13T00:08:14.284Zplacedtrue 
100112023-05-12T00:08:14.284Zplacedtrue 
200222023-08-17T00:08:14.284Zplacedtrue 
300312023-08-12T00:08:14.284Zplacedtrue 
400422023-06-12T00:08:14.284Zplacedtrue 
500532023-08-12T00:08:14.284Zplacedtrue 
600612023-08-22T00:08:14.284Zplacedtrue 
700712023-07-12T00:08:14.284Zplacedtrue 
800812023-08-13T00:08:14.284Zplacedtrue 
100112023-05-12T00:08:14.284Zplacedtrue 
200222023-08-17T00:08:14.284Zplacedtrue 
300312023-08-12T00:08:14.284Zplacedtrue 
400422023-06-12T00:08:14.284Zplacedtrue 
500532023-08-12T00:08:14.284Zplacedtrue 
600612023-08-22T00:08:14.284Zplacedtrue 
700712023-07-12T00:08:14.284Zplacedtrue 
tester Ricardo DiazTimeStamp
tester Ricardo DiazTimeStamp
tester Ricardo DiazTimeStamp
tester Ricardo DiazTimeStamp
tester Ricardo DiazTimeStamp
tester Ricardo DiazTimeStamp
tester Ricardo DiazTimeStamp
tester Ricardo DiazTimeStamp
tester Ricardo DiazTimeStamp
tester Ricardo DiazTimeStamp
tester Ricardo DiazTimeStamp
tester Ricardo DiazTimeStamp
tester Ricardo DiazTimeStamp
tester Ricardo DiazTimeStamp
tester Ricardo DiazTimeStamp
tester Ricardo DiazTimeStamp
tester Ricardo DiazTimeStamp
tester Ricardo DiazTimeStamp
tester Ricardo DiazTimeStamp
tester Ricardo DiazTimeStamp
tester Ricardo DiazTimeStamp
tester Ricardo DiazTimeStamp
tester Ricardo DiazTimeStamp
tester Ricardo DiazTimeStamp
tester Ricardo DiazTimeStamp
tester Ricardo DiazTimeStamp
tester Ricardo DiazTimeStamp
tester Ricardo DiazTimeStamp
tester Ricardo DiazTimeStamp
tester Ricardo DiazTimeStamp
tester Ricardo DiazTimeStamp
tester Ricardo DiazTimeStamp
tester Ricardo DiazTimeStamp
tester Ricardo DiazTimeStamp
tester Ricardo DiazTimeStamp
tester Ricardo DiazTimeStamp
tester Ricardo DiazTimeStamp
tester Ricardo DiazTimeStamp
tester Ricardo DiazTimeStamp
tester Ricardo DiazTimeStamp
tester Ricardo DiazTimeStamp
tester Ricardo DiazTimeStamp
tester Ricardo DiazTimeStamp
tester Ricardo DiazTimeStamp
tester Ricardo DiazTimeStamp
tester Ricardo DiazTimeStamp
tester Ricardo DiazTimeStamp
tester Ricardo DiazTimeStamp
tester Ricardo DiazTimeStamp
tester Ricardo DiazTimeStamp
tester Ricardo DiazTimeStamp
tester Ricardo DiazTimeStamp
tester Ricardo DiazTimeStamp
tester Ricardo DiazTimeStamp
tester Ricardo DiazTimeStamp
tester Ricardo DiazTimeStamp
tester Ricardo DiazTimeStamp
tester Ricardo DiazTimeStamp
tester Ricardo DiazTimeStamp
tester Ricardo DiazTimeStamp
tester Ricardo DiazTimeStamp
tester Ricardo DiazTimeStamp
tester Ricardo DiazTimeStamp
tester Ricardo DiazTimeStamp
tester Ricardo DiazTimeStamp
tester Ricardo DiazTimeStamp
tester Ricardo DiazTimeStamp
tester Ricardo DiazTimeStamp
tester Ricardo DiazTimeStamp
tester Ricardo DiazTimeStamp
tester Ricardo DiazTimeStamp
tester Ricardo DiazTimeStamp
tester Ricardo DiazTimeStamp
tester Ricardo DiazTimeStamp
tester Ricardo DiazTimeStamp
tester Ricardo DiazTimeStamp
tester Ricardo DiazTimeStamp
tester Ricardo DiazTimeStamp
tester Ricardo DiazTimeStamp
tester Ricardo DiazTimeStamp
tester Ricardo DiazTimeStamp
tester Ricardo DiazTimeStamp
tester Ricardo DiazTimeStamp
tester Ricardo DiazTimeStamp
tester Ricardo DiazTimeStamp
tester Ricardo DiazTimeStamp
tester Ricardo DiazTimeStamp
tester Ricardo DiazTimeStamp
tester Ricardo DiazTimeStamp
tester Ricardo DiazTimeStamp
tester Ricardo DiazTimeStamp
tester Ricardo DiazTimeStamp
tester Ricardo DiazTimeStamp
tester Ricardo DiazTimeStamp
tester Ricardo DiazTimeStamp
tester Ricardo DiazTimeStamp
tester Ricardo DiazTimeStamp
tester Ricardo DiazTimeStamp
tester Ricardo DiazTimeStamp
tester Ricardo DiazTimeStamp
tester Ricardo DiazTimeStamp
tester Ricardo DiazTimeStamp
tester Ricardo DiazTimeStamp
tester Ricardo DiazTimeStamp
tester Ricardo DiazTimeStamp
tester Ricardo DiazTimeStamp
tester Ricardo DiazTimeStamp
tester Ricardo DiazTimeStamp
tester Ricardo DiazTimeStamp
tester Ricardo DiazTimeStamp
tester Ricardo DiazTimeStamp
tester Ricardo DiazTimeStamp
tester Ricardo DiazTimeStamp
tester Ricardo DiazTimeStamp
tester Ricardo DiazTimeStamp
tester Ricardo DiazTimeStamp
tester Ricardo DiazTimeStamp
tester Ricardo DiazTimeStamp
tester Ricardo DiazTimeStamp
tester Ricardo DiazTimeStamp
tester Ricardo DiazTimeStamp
tester Ricardo DiazTimeStamp
tester Ricardo DiazTimeStamp
tester Ricardo DiazTimeStamp
tester Ricardo DiazTimeStamp
tester Ricardo DiazTimeStamp
tester Ricardo DiazTimeStamp
tester Ricardo DiazTimeStamp
tester Ricardo DiazTimeStamp
tester Ricardo DiazTimeStamp
tester Ricardo DiazTimeStamp
tester Ricardo DiazTimeStamp
tester Ricardo DiazTimeStamp
tester Ricardo DiazTimeStamp
tester Ricardo DiazTimeStamp
tester Ricardo DiazTimeStamp
tester Ricardo DiazTimeStamp
tester Ricardo DiazTimeStamp
tester Ricardo DiazTimeStamp
tester Ricardo DiazTimeStamp
tester Ricardo DiazTimeStamp
tester Ricardo DiazTimeStamp
tester Ricardo DiazTimeStamp
tester Ricardo DiazTimeStamp
tester Ricardo DiazTimeStamp
tester Ricardo DiazTimeStamp
tester Ricardo DiazTimeStamp
tester Ricardo DiazTimeStamp
tester Ricardo DiazTimeStamp
tester Ricardo DiazTimeStamp
tester Ricardo DiazTimeStamp
tester Ricardo DiazTimeStamp
tester Ricardo DiazTimeStamp
tester Ricardo DiazTimeStamp
tester Ricardo DiazTimeStamp
tester Ricardo DiazTimeStamp
tester Ricardo DiazTimeStamp
tester Ricardo DiazTimeStamp
tester Ricardo DiazTimeStamp
tester Ricardo DiazTimeStamp
